{
  "type": "FeatureCollection",
  "crs": {
    "type": "name",
    "properties": {
      "name": "urn:ogc:def:crs:EPSG::32635"
    }
  },
  "features": [
    {
      "type": "Feature",
      "geometry": {
        "type": "LineString",
        "coordinates": [
          [
            629504.7,
            5220250.75
          ],
          [
            629506.75,
            5220249.65
          ],
          [
            629510.25,
            5220249.65
          ],
          [
            629521.75,
            5220254.65
          ],
          [
            629522.25,
            5220253.65
          ],
          [
            629523.25,
            5220253.65
          ],
          [
            629523.25,
            5220253.15
          ],
          [
            629523.75,
            5220252.65
          ],
          [
            629524.25,
            5220252.15
          ],
          [
            629524.75,
            5220251.15
          ],
          [
            629525.25,
            5220250.65
          ],
          [
            629525.75,
            5220250.15
          ],
          [
            629526.25,
            5220249.15
          ],
          [
            629526.75,
            5220248.65
          ],
          [
            629527.25,
            5220248.15
          ],
          [
            629527.75,
            5220247.15
          ],
          [
            629528.25,
            5220246.65
          ],
          [
            629528.75,
            5220246.15
          ],
          [
            629529.25,
            5220245.65
          ],
          [
            629529.75,
            5220244.65
          ],
          [
            629530.25,
            5220244.15
          ],
          [
            629530.75,
            5220243.65
          ],
          [
            629531.25,
            5220242.65
          ],
          [
            629531.75,
            5220242.15
          ],
          [
            629532.25,
            5220241.65
          ],
          [
            629532.75,
            5220240.65
          ],
          [
            629533.25,
            5220240.15
          ],
          [
            629533.75,
            5220239.65
          ],
          [
            629534.25,
            5220238.65
          ],
          [
            629534.75,
            5220238.15
          ],
          [
            629535.25,
            5220237.65
          ],
          [
            629535.75,
            5220236.65
          ],
          [
            629536.25,
            5220236.15
          ],
          [
            629536.75,
            5220235.65
          ],
          [
            629537.25,
            5220235.15
          ],
          [
            629537.75,
            5220234.15
          ],
          [
            629538.25,
            5220233.65
          ],
          [
            629538.75,
            5220233.15
          ],
          [
            629539.25,
            5220232.15
          ],
          [
            629539.75,
            5220231.65
          ],
          [
            629540.25,
            5220231.15
          ],
          [
            629540.75,
            5220230.15
          ],
          [
            629541.25,
            5220229.65
          ],
          [
            629541.75,
            5220229.15
          ],
          [
            629542.25,
            5220228.15
          ],
          [
            629542.75,
            5220227.65
          ],
          [
            629543.25,
            5220227.15
          ],
          [
            629543.75,
            5220226.15
          ],
          [
            629544.25,
            5220225.65
          ],
          [
            629544.75,
            5220225.15
          ],
          [
            629545.25,
            5220224.65
          ],
          [
            629545.75,
            5220223.65
          ],
          [
            629546.25,
            5220223.15
          ],
          [
            629546.75,
            5220222.65
          ],
          [
            629547.25,
            5220221.65
          ],
          [
            629547.75,
            5220221.15
          ],
          [
            629548.25,
            5220220.65
          ],
          [
            629548.75,
            5220219.65
          ],
          [
            629549.25,
            5220219.15
          ],
          [
            629549.75,
            5220218.65
          ],
          [
            629550.25,
            5220217.65
          ],
          [
            629550.75,
            5220217.15
          ],
          [
            629551.25,
            5220216.65
          ],
          [
            629551.75,
            5220215.65
          ],
          [
            629552.25,
            5220215.15
          ],
          [
            629552.75,
            5220214.65
          ],
          [
            629553.25,
            5220214.15
          ],
          [
            629554.25,
            5220212.65
          ],
          [
            629551.25,
            5220216.15
          ],
          [
            629550.75,
            5220217.15
          ],
          [
            629550.25,
            5220217.65
          ],
          [
            629549.75,
            5220218.15
          ],
          [
            629549.25,
            5220219.15
          ],
          [
            629548.75,
            5220219.65
          ],
          [
            629548.25,
            5220220.15
          ],
          [
            629547.75,
            5220221.15
          ],
          [
            629547.25,
            5220221.65
          ],
          [
            629546.75,
            5220222.15
          ],
          [
            629546.25,
            5220223.15
          ],
          [
            629545.75,
            5220223.65
          ],
          [
            629545.25,
            5220224.15
          ],
          [
            629544.75,
            5220225.15
          ],
          [
            629544.25,
            5220225.65
          ],
          [
            629543.75,
            5220226.15
          ],
          [
            629543.25,
            5220226.65
          ],
          [
            629542.75,
            5220227.65
          ],
          [
            629542.25,
            5220228.15
          ],
          [
            629541.75,
            5220228.65
          ],
          [
            629541.25,
            5220229.65
          ],
          [
            629540.75,
            5220230.15
          ],
          [
            629540.25,
            5220230.65
          ],
          [
            629539.75,
            5220231.65
          ],
          [
            629539.25,
            5220232.15
          ],
          [
            629538.75,
            5220232.65
          ],
          [
            629538.25,
            5220233.65
          ],
          [
            629537.75,
            5220234.15
          ],
          [
            629537.25,
            5220234.65
          ],
          [
            629536.75,
            5220235.65
          ],
          [
            629536.25,
            5220236.15
          ],
          [
            629535.75,
            5220236.65
          ],
          [
            629535.25,
            5220237.15
          ],
          [
            629534.75,
            5220238.15
          ],
          [
            629534.25,
            5220238.65
          ],
          [
            629533.75,
            5220239.15
          ],
          [
            629533.25,
            5220240.15
          ],
          [
            629532.75,
            5220240.65
          ],
          [
            629532.25,
            5220241.15
          ],
          [
            629531.75,
            5220242.15
          ],
          [
            629531.25,
            5220242.65
          ],
          [
            629530.75,
            5220243.15
          ],
          [
            629530.25,
            5220244.15
          ],
          [
            629529.75,
            5220244.65
          ],
          [
            629529.25,
            5220245.15
          ],
          [
            629528.75,
            5220246.15
          ],
          [
            629528.25,
            5220246.65
          ],
          [
            629527.75,
            5220247.15
          ],
          [
            629527.25,
            5220247.65
          ],
          [
            629524.25,
            5220251.65
          ],
          [
            629523.25,
            5220253.15
          ],
          [
            629524.25,
            5220255.65
          ],
          [
            629529.75,
            5220258.15
          ],
          [
            629556.75,
            5220267.15
          ],
          [
            629557.25,
            5220267.15
          ],
          [
            629557.75,
            5220266.15
          ],
          [
            629558.25,
            5220265.15
          ],
          [
            629558.75,
            5220264.15
          ],
          [
            629559.25,
            5220263.65
          ],
          [
            629559.75,
            5220263.15
          ],
          [
            629560.25,
            5220262.15
          ],
          [
            629560.75,
            5220261.65
          ],
          [
            629561.25,
            5220261.15
          ],
          [
            629561.75,
            5220260.15
          ],
          [
            629563.25,
            5220258.15
          ],
          [
            629562.75,
            5220259.15
          ],
          [
            629561.75,
            5220260.15
          ],
          [
            629561.25,
            5220261.15
          ],
          [
            629560.75,
            5220261.65
          ],
          [
            629560.25,
            5220262.15
          ],
          [
            629559.75,
            5220263.15
          ],
          [
            629558.25,
            5220265.15
          ],
          [
            629558.25,
            5220266.15
          ],
          [
            629557.75,
            5220267.15
          ],
          [
            629559.75,
            5220268.15
          ],
          [
            629570.25,
            5220271.65
          ],
          [
            629571.25,
            5220271.65
          ],
          [
            629596.25,
            5220280.15
          ],
          [
            629597.25,
            5220280.15
          ],
          [
            629598.25,
            5220280.65
          ],
          [
            629599.25,
            5220280.65
          ],
          [
            629600.25,
            5220281.15
          ],
          [
            629605.25,
            5220282.15
          ],
          [
            629608.75,
            5220283.65
          ],
          [
            629611.25,
            5220283.65
          ],
          [
            629612.25,
            5220284.15
          ],
          [
            629613.25,
            5220284.15
          ],
          [
            629614.25,
            5220284.65
          ],
          [
            629615.25,
            5220284.65
          ],
          [
            629620.25,
            5220286.15
          ],
          [
            629621.75,
            5220286.15
          ],
          [
            629622.75,
            5220286.65
          ],
          [
            629623.75,
            5220286.65
          ],
          [
            629624.75,
            5220287.15
          ],
          [
            629625.75,
            5220287.15
          ],
          [
            629626.75,
            5220287.65
          ],
          [
            629627.75,
            5220287.65
          ],
          [
            629628.75,
            5220288.15
          ],
          [
            629629.75,
            5220288.15
          ],
          [
            629630.75,
            5220288.65
          ],
          [
            629631.75,
            5220288.65
          ],
          [
            629632.75,
            5220289.15
          ],
          [
            629633.75,
            5220289.15
          ],
          [
            629638.75,
            5220290.65
          ],
          [
            629639.75,
            5220290.65
          ],
          [
            629640.25,
            5220290.15
          ],
          [
            629652.25,
            5220274.15
          ],
          [
            629655.25,
            5220270.65
          ],
          [
            629657.25,
            5220267.15
          ],
          [
            629658.25,
            5220266.65
          ],
          [
            629660.25,
            5220263.65
          ],
          [
            629661.75,
            5220262.15
          ],
          [
            629668.25,
            5220253.15
          ],
          [
            629669.75,
            5220251.65
          ],
          [
            629676.25,
            5220242.65
          ],
          [
            629677.75,
            5220241.15
          ],
          [
            629684.25,
            5220232.15
          ],
          [
            629685.75,
            5220230.65
          ],
          [
            629690.25,
            5220224.15
          ],
          [
            629693.75,
            5220220.15
          ],
          [
            629695.25,
            5220217.65
          ],
          [
            629696.75,
            5220216.15
          ],
          [
            629699.75,
            5220211.65
          ],
          [
            629701.25,
            5220210.15
          ],
          [
            629704.75,
            5220210.15
          ],
          [
            629705.75,
            5220209.65
          ],
          [
            629706.25,
            5220209.15
          ],
          [
            629706.75,
            5220208.15
          ],
          [
            629707.25,
            5220207.65
          ],
          [
            629707.75,
            5220207.15
          ],
          [
            629708.25,
            5220206.65
          ],
          [
            629708.75,
            5220205.65
          ],
          [
            629709.25,
            5220205.15
          ],
          [
            629709.75,
            5220204.65
          ],
          [
            629710.25,
            5220203.65
          ],
          [
            629710.75,
            5220203.15
          ],
          [
            629711.25,
            5220202.65
          ],
          [
            629711.75,
            5220202.15
          ],
          [
            629712.25,
            5220201.15
          ],
          [
            629712.75,
            5220200.65
          ],
          [
            629713.25,
            5220200.15
          ],
          [
            629713.75,
            5220199.15
          ],
          [
            629714.25,
            5220198.65
          ],
          [
            629714.75,
            5220198.15
          ],
          [
            629715.25,
            5220197.15
          ],
          [
            629715.75,
            5220196.65
          ],
          [
            629716.25,
            5220196.15
          ],
          [
            629716.75,
            5220195.15
          ],
          [
            629717.25,
            5220194.65
          ],
          [
            629717.75,
            5220194.15
          ],
          [
            629718.25,
            5220193.65
          ],
          [
            629718.75,
            5220192.65
          ],
          [
            629719.25,
            5220192.15
          ],
          [
            629719.75,
            5220191.65
          ],
          [
            629720.25,
            5220190.65
          ],
          [
            629720.75,
            5220190.15
          ],
          [
            629721.25,
            5220189.65
          ],
          [
            629721.75,
            5220188.65
          ],
          [
            629722.25,
            5220188.15
          ],
          [
            629722.75,
            5220187.65
          ],
          [
            629723.25,
            5220187.15
          ],
          [
            629723.75,
            5220186.15
          ],
          [
            629724.25,
            5220185.65
          ],
          [
            629724.75,
            5220185.15
          ],
          [
            629725.25,
            5220184.15
          ],
          [
            629725.75,
            5220183.65
          ],
          [
            629726.25,
            5220183.15
          ],
          [
            629726.75,
            5220182.15
          ],
          [
            629727.25,
            5220181.65
          ],
          [
            629727.75,
            5220181.15
          ],
          [
            629728.25,
            5220180.15
          ],
          [
            629729.75,
            5220178.15
          ],
          [
            629730.25,
            5220177.65
          ],
          [
            629730.75,
            5220177.15
          ],
          [
            629731.25,
            5220176.65
          ],
          [
            629731.75,
            5220175.65
          ],
          [
            629732.25,
            5220175.15
          ],
          [
            629732.75,
            5220174.65
          ],
          [
            629733.25,
            5220173.65
          ],
          [
            629733.75,
            5220173.15
          ],
          [
            629734.25,
            5220172.65
          ],
          [
            629734.75,
            5220172.15
          ],
          [
            629736.25,
            5220170.15
          ],
          [
            629732.75,
            5220174.15
          ],
          [
            629732.25,
            5220175.15
          ],
          [
            629731.75,
            5220175.65
          ],
          [
            629731.25,
            5220176.15
          ],
          [
            629730.75,
            5220177.15
          ],
          [
            629729.75,
            5220178.65
          ],
          [
            629729.25,
            5220179.15
          ],
          [
            629728.75,
            5220179.65
          ],
          [
            629728.25,
            5220180.15
          ],
          [
            629727.75,
            5220180.65
          ],
          [
            629727.25,
            5220181.65
          ],
          [
            629726.75,
            5220182.15
          ],
          [
            629726.25,
            5220182.65
          ],
          [
            629725.75,
            5220183.65
          ],
          [
            629725.25,
            5220184.15
          ],
          [
            629724.75,
            5220184.65
          ],
          [
            629724.25,
            5220185.65
          ],
          [
            629723.75,
            5220186.15
          ],
          [
            629723.25,
            5220186.65
          ],
          [
            629722.75,
            5220187.65
          ],
          [
            629722.25,
            5220188.15
          ],
          [
            629721.75,
            5220188.65
          ],
          [
            629721.25,
            5220189.15
          ],
          [
            629720.75,
            5220190.15
          ],
          [
            629720.25,
            5220190.65
          ],
          [
            629719.75,
            5220191.15
          ],
          [
            629719.25,
            5220192.15
          ],
          [
            629718.75,
            5220192.65
          ],
          [
            629718.25,
            5220193.15
          ],
          [
            629717.75,
            5220194.15
          ],
          [
            629717.25,
            5220194.65
          ],
          [
            629716.75,
            5220195.15
          ],
          [
            629716.25,
            5220195.65
          ],
          [
            629715.75,
            5220196.65
          ],
          [
            629715.25,
            5220197.15
          ],
          [
            629714.75,
            5220197.65
          ],
          [
            629714.25,
            5220198.65
          ],
          [
            629713.75,
            5220199.15
          ],
          [
            629713.25,
            5220199.65
          ],
          [
            629712.75,
            5220200.65
          ],
          [
            629712.25,
            5220201.15
          ],
          [
            629711.75,
            5220201.65
          ],
          [
            629711.25,
            5220202.65
          ],
          [
            629710.75,
            5220203.15
          ],
          [
            629710.25,
            5220203.65
          ],
          [
            629709.75,
            5220204.15
          ],
          [
            629709.25,
            5220205.15
          ],
          [
            629708.75,
            5220205.65
          ],
          [
            629708.25,
            5220206.15
          ],
          [
            629707.75,
            5220207.15
          ],
          [
            629707.25,
            5220207.65
          ],
          [
            629706.75,
            5220208.15
          ],
          [
            629706.25,
            5220208.65
          ],
          [
            629705.75,
            5220209.65
          ],
          [
            629700.25,
            5220209.65
          ],
          [
            629698.75,
            5220209.15
          ],
          [
            629697.75,
            5220210.65
          ],
          [
            629696.75,
            5220211.15
          ],
          [
            629696.25,
            5220211.65
          ],
          [
            629695.75,
            5220212.15
          ],
          [
            629695.25,
            5220213.15
          ],
          [
            629694.75,
            5220213.65
          ],
          [
            629694.25,
            5220214.15
          ],
          [
            629693.75,
            5220215.15
          ],
          [
            629693.25,
            5220215.65
          ],
          [
            629692.75,
            5220216.15
          ],
          [
            629692.25,
            5220217.15
          ],
          [
            629691.75,
            5220217.65
          ],
          [
            629691.25,
            5220218.15
          ],
          [
            629690.75,
            5220219.15
          ],
          [
            629690.25,
            5220219.65
          ],
          [
            629689.75,
            5220220.15
          ],
          [
            629689.25,
            5220220.65
          ],
          [
            629688.75,
            5220221.65
          ],
          [
            629688.75,
            5220222.15
          ],
          [
            629688.25,
            5220222.15
          ],
          [
            629686.75,
            5220224.15
          ],
          [
            629687.75,
            5220223.15
          ],
          [
            629688.25,
            5220222.15
          ],
          [
            629688.75,
            5220222.15
          ],
          [
            629688.75,
            5220221.65
          ],
          [
            629689.75,
            5220220.15
          ],
          [
            629690.25,
            5220219.65
          ],
          [
            629690.75,
            5220219.15
          ],
          [
            629691.25,
            5220218.65
          ],
          [
            629695.75,
            5220212.65
          ],
          [
            629696.75,
            5220211.15
          ],
          [
            629697.25,
            5220208.65
          ],
          [
            629693.25,
            5220207.15
          ],
          [
            629692.25,
            5220207.15
          ],
          [
            629684.75,
            5220204.65
          ],
          [
            629675.75,
            5220200.15
          ],
          [
            629675.75,
            5220199.65
          ],
          [
            629675.75,
            5220199.15
          ],
          [
            629675.75,
            5220198.65
          ],
          [
            629675.75,
            5220198.15
          ],
          [
            629675.75,
            5220198.65
          ],
          [
            629675.75,
            5220199.15
          ],
          [
            629675.25,
            5220200.15
          ],
          [
            629673.25,
            5220200.15
          ],
          [
            629670.25,
            5220198.65
          ],
          [
            629669.75,
            5220197.65
          ],
          [
            629670.25,
            5220196.65
          ],
          [
            629670.75,
            5220195.65
          ],
          [
            629672.25,
            5220194.15
          ],
          [
            629676.75,
            5220188.15
          ],
          [
            629677.25,
            5220187.15
          ],
          [
            629677.75,
            5220186.15
          ],
          [
            629678.25,
            5220185.15
          ],
          [
            629677.75,
            5220186.15
          ],
          [
            629677.25,
            5220186.65
          ],
          [
            629676.75,
            5220187.15
          ],
          [
            629676.25,
            5220187.65
          ],
          [
            629675.75,
            5220188.65
          ],
          [
            629675.25,
            5220189.15
          ],
          [
            629674.75,
            5220189.65
          ],
          [
            629674.25,
            5220190.65
          ],
          [
            629673.75,
            5220191.15
          ],
          [
            629673.25,
            5220191.65
          ],
          [
            629672.75,
            5220192.65
          ],
          [
            629672.25,
            5220193.15
          ],
          [
            629671.75,
            5220193.65
          ],
          [
            629670.25,
            5220195.65
          ],
          [
            629671.25,
            5220194.65
          ],
          [
            629671.75,
            5220193.65
          ],
          [
            629672.25,
            5220193.15
          ],
          [
            629672.75,
            5220192.65
          ],
          [
            629673.25,
            5220191.65
          ],
          [
            629673.75,
            5220191.15
          ],
          [
            629674.25,
            5220190.65
          ],
          [
            629674.75,
            5220189.65
          ],
          [
            629676.25,
            5220187.65
          ],
          [
            629676.75,
            5220187.15
          ],
          [
            629677.25,
            5220186.65
          ],
          [
            629677.75,
            5220186.15
          ],
          [
            629678.25,
            5220185.15
          ],
          [
            629678.75,
            5220184.65
          ],
          [
            629679.25,
            5220184.15
          ],
          [
            629679.75,
            5220183.65
          ],
          [
            629680.25,
            5220183.15
          ],
          [
            629680.75,
            5220182.65
          ],
          [
            629681.25,
            5220182.15
          ],
          [
            629681.75,
            5220181.65
          ],
          [
            629682.25,
            5220180.65
          ],
          [
            629682.75,
            5220180.15
          ],
          [
            629683.25,
            5220179.65
          ],
          [
            629683.75,
            5220179.15
          ],
          [
            629684.25,
            5220178.15
          ],
          [
            629684.75,
            5220177.15
          ],
          [
            629685.25,
            5220176.15
          ],
          [
            629684.75,
            5220177.15
          ],
          [
            629684.25,
            5220178.15
          ],
          [
            629683.75,
            5220179.15
          ],
          [
            629683.25,
            5220179.65
          ],
          [
            629682.75,
            5220180.15
          ],
          [
            629682.25,
            5220180.65
          ],
          [
            629681.75,
            5220181.65
          ],
          [
            629681.25,
            5220182.15
          ],
          [
            629680.75,
            5220182.65
          ],
          [
            629680.25,
            5220183.15
          ],
          [
            629679.75,
            5220183.65
          ],
          [
            629679.25,
            5220184.15
          ],
          [
            629678.75,
            5220184.65
          ],
          [
            629678.25,
            5220185.15
          ],
          [
            629677.75,
            5220186.15
          ],
          [
            629677.25,
            5220186.65
          ],
          [
            629676.75,
            5220187.15
          ],
          [
            629676.25,
            5220187.65
          ],
          [
            629675.75,
            5220188.65
          ],
          [
            629675.25,
            5220189.15
          ],
          [
            629674.75,
            5220189.65
          ],
          [
            629674.25,
            5220190.65
          ],
          [
            629673.75,
            5220191.15
          ],
          [
            629673.25,
            5220191.65
          ],
          [
            629671.75,
            5220193.65
          ],
          [
            629671.25,
            5220194.65
          ],
          [
            629670.75,
            5220195.65
          ],
          [
            629670.25,
            5220196.65
          ],
          [
            629669.75,
            5220197.65
          ],
          [
            629669.25,
            5220198.15
          ],
          [
            629666.75,
            5220198.15
          ],
          [
            629662.25,
            5220195.65
          ],
          [
            629662.25,
            5220194.15
          ],
          [
            629663.75,
            5220191.65
          ],
          [
            629665.75,
            5220189.65
          ],
          [
            629670.75,
            5220182.65
          ],
          [
            629672.25,
            5220181.15
          ],
          [
            629674.25,
            5220177.65
          ],
          [
            629674.75,
            5220177.15
          ],
          [
            629675.25,
            5220176.65
          ],
          [
            629675.75,
            5220176.15
          ],
          [
            629676.25,
            5220175.65
          ],
          [
            629676.75,
            5220175.15
          ],
          [
            629677.25,
            5220174.15
          ],
          [
            629677.75,
            5220173.15
          ],
          [
            629677.25,
            5220174.15
          ],
          [
            629676.75,
            5220175.15
          ],
          [
            629676.25,
            5220175.65
          ],
          [
            629675.75,
            5220176.15
          ],
          [
            629675.25,
            5220176.65
          ],
          [
            629674.75,
            5220177.15
          ],
          [
            629674.25,
            5220177.65
          ],
          [
            629674.75,
            5220177.15
          ],
          [
            629675.25,
            5220176.65
          ],
          [
            629675.75,
            5220176.15
          ],
          [
            629676.75,
            5220175.65
          ],
          [
            629678.25,
            5220176.65
          ],
          [
            629678.75,
            5220176.15
          ],
          [
            629679.25,
            5220175.65
          ],
          [
            629678.75,
            5220176.15
          ],
          [
            629678.25,
            5220176.65
          ],
          [
            629677.75,
            5220177.15
          ],
          [
            629677.25,
            5220178.15
          ],
          [
            629675.75,
            5220180.15
          ],
          [
            629677.75,
            5220177.15
          ],
          [
            629678.25,
            5220176.65
          ],
          [
            629678.75,
            5220176.15
          ],
          [
            629679.25,
            5220175.65
          ],
          [
            629679.75,
            5220175.15
          ],
          [
            629683.25,
            5220170.15
          ],
          [
            629684.75,
            5220168.65
          ],
          [
            629688.25,
            5220163.65
          ],
          [
            629689.75,
            5220162.15
          ],
          [
            629694.75,
            5220155.15
          ],
          [
            629696.25,
            5220153.65
          ],
          [
            629699.75,
            5220148.65
          ],
          [
            629701.25,
            5220147.15
          ],
          [
            629704.75,
            5220142.15
          ],
          [
            629706.25,
            5220140.65
          ],
          [
            629711.25,
            5220133.65
          ],
          [
            629712.75,
            5220132.15
          ],
          [
            629716.25,
            5220127.15
          ],
          [
            629717.75,
            5220125.65
          ],
          [
            629731.25,
            5220107.65
          ],
          [
            629731.75,
            5220107.65
          ],
          [
            629732.25,
            5220107.65
          ],
          [
            629732.75,
            5220107.65
          ],
          [
            629733.25,
            5220107.65
          ],
          [
            629733.75,
            5220107.65
          ],
          [
            629734.75,
            5220108.15
          ],
          [
            629735.75,
            5220108.65
          ],
          [
            629735.25,
            5220109.65
          ],
          [
            629735.25,
            5220110.15
          ],
          [
            629735.25,
            5220110.65
          ],
          [
            629735.25,
            5220111.15
          ],
          [
            629734.25,
            5220112.15
          ],
          [
            629732.25,
            5220115.15
          ],
          [
            629730.75,
            5220116.65
          ],
          [
            629730.25,
            5220117.65
          ],
          [
            629729.25,
            5220118.65
          ],
          [
            629728.75,
            5220119.65
          ],
          [
            629727.75,
            5220120.65
          ],
          [
            629727.25,
            5220121.65
          ],
          [
            629726.75,
            5220122.15
          ],
          [
            629726.25,
            5220122.65
          ],
          [
            629725.75,
            5220123.15
          ],
          [
            629724.75,
            5220124.65
          ],
          [
            629725.25,
            5220124.15
          ],
          [
            629725.75,
            5220123.15
          ],
          [
            629726.25,
            5220122.65
          ],
          [
            629726.75,
            5220122.15
          ],
          [
            629727.25,
            5220121.65
          ],
          [
            629729.75,
            5220119.15
          ],
          [
            629734.25,
            5220113.15
          ],
          [
            629735.25,
            5220111.15
          ],
          [
            629735.25,
            5220110.65
          ],
          [
            629735.25,
            5220110.15
          ],
          [
            629735.25,
            5220109.65
          ],
          [
            629735.75,
            5220108.65
          ],
          [
            629733.25,
            5220107.65
          ],
          [
            629732.75,
            5220107.65
          ],
          [
            629732.25,
            5220107.65
          ],
          [
            629731.25,
            5220107.15
          ],
          [
            629730.25,
            5220107.15
          ],
          [
            629729.25,
            5220106.65
          ],
          [
            629728.25,
            5220106.65
          ],
          [
            629727.25,
            5220106.15
          ],
          [
            629726.25,
            5220106.15
          ],
          [
            629725.25,
            5220105.65
          ],
          [
            629720.25,
            5220104.65
          ],
          [
            629714.25,
            5220101.65
          ],
          [
            629713.25,
            5220099.15
          ],
          [
            629714.75,
            5220097.65
          ],
          [
            629733.75,
            5220072.15
          ],
          [
            629735.25,
            5220070.65
          ],
          [
            629754.25,
            5220045.15
          ],
          [
            629755.75,
            5220043.65
          ],
          [
            629765.25,
            5220030.65
          ],
          [
            629766.75,
            5220029.15
          ],
          [
            629771.25,
            5220023.15
          ],
          [
            629773.25,
            5220019.65
          ],
          [
            629776.25,
            5220017.65
          ],
          [
            629777.25,
            5220015.15
          ],
          [
            629791.75,
            5220000.65
          ],
          [
            629792.25,
            5219999.65
          ],
          [
            629794.25,
            5219997.65
          ],
          [
            629794.75,
            5219996.65
          ],
          [
            629796.75,
            5219994.65
          ],
          [
            629797.25,
            5219993.65
          ],
          [
            629799.25,
            5219991.65
          ],
          [
            629799.75,
            5219990.65
          ],
          [
            629801.75,
            5219988.65
          ],
          [
            629802.25,
            5219987.65
          ],
          [
            629804.25,
            5219985.65
          ],
          [
            629804.75,
            5219984.65
          ],
          [
            629806.75,
            5219982.65
          ],
          [
            629807.25,
            5219981.65
          ],
          [
            629809.25,
            5219979.65
          ],
          [
            629809.75,
            5219978.65
          ],
          [
            629811.75,
            5219976.65
          ],
          [
            629812.25,
            5219975.65
          ],
          [
            629819.25,
            5219967.65
          ],
          [
            629819.75,
            5219966.65
          ],
          [
            629820.25,
            5219965.65
          ],
          [
            629820.75,
            5219964.65
          ],
          [
            629821.25,
            5219963.65
          ],
          [
            629821.75,
            5219962.65
          ],
          [
            629822.25,
            5219961.65
          ],
          [
            629822.75,
            5219960.65
          ],
          [
            629831.25,
            5219943.65
          ],
          [
            629831.75,
            5219943.15
          ],
          [
            629832.25,
            5219942.65
          ],
          [
            629832.75,
            5219942.15
          ],
          [
            629833.25,
            5219941.65
          ],
          [
            629833.75,
            5219941.15
          ],
          [
            629834.25,
            5219940.65
          ],
          [
            629834.75,
            5219940.15
          ],
          [
            629835.25,
            5219939.65
          ],
          [
            629835.75,
            5219939.15
          ],
          [
            629836.25,
            5219938.65
          ],
          [
            629836.75,
            5219938.15
          ],
          [
            629837.25,
            5219937.65
          ],
          [
            629837.75,
            5219937.15
          ],
          [
            629838.25,
            5219936.65
          ],
          [
            629838.75,
            5219936.15
          ],
          [
            629839.25,
            5219935.65
          ],
          [
            629839.75,
            5219935.15
          ],
          [
            629840.25,
            5219934.65
          ],
          [
            629840.75,
            5219934.15
          ],
          [
            629841.25,
            5219933.65
          ],
          [
            629841.75,
            5219933.15
          ],
          [
            629842.25,
            5219932.65
          ],
          [
            629842.75,
            5219932.15
          ],
          [
            629843.25,
            5219931.65
          ],
          [
            629843.75,
            5219931.15
          ],
          [
            629844.25,
            5219930.65
          ],
          [
            629844.75,
            5219930.15
          ],
          [
            629845.25,
            5219929.65
          ],
          [
            629845.75,
            5219929.15
          ],
          [
            629879.75,
            5219895.15
          ],
          [
            629880.25,
            5219894.15
          ],
          [
            629882.75,
            5219891.65
          ],
          [
            629883.25,
            5219890.65
          ],
          [
            629885.25,
            5219888.65
          ],
          [
            629885.75,
            5219887.65
          ],
          [
            629887.75,
            5219885.65
          ],
          [
            629888.25,
            5219884.65
          ],
          [
            629890.25,
            5219882.65
          ],
          [
            629890.75,
            5219881.65
          ],
          [
            629892.75,
            5219879.65
          ],
          [
            629893.25,
            5219878.65
          ],
          [
            629895.25,
            5219876.65
          ],
          [
            629895.75,
            5219875.65
          ],
          [
            629897.75,
            5219873.65
          ],
          [
            629898.25,
            5219872.65
          ],
          [
            629900.25,
            5219870.65
          ],
          [
            629900.75,
            5219869.65
          ],
          [
            629902.75,
            5219867.65
          ],
          [
            629903.25,
            5219866.65
          ],
          [
            629905.25,
            5219864.65
          ],
          [
            629905.75,
            5219863.65
          ],
          [
            629907.75,
            5219861.65
          ],
          [
            629908.25,
            5219860.65
          ],
          [
            629910.25,
            5219858.65
          ],
          [
            629910.75,
            5219857.65
          ],
          [
            629912.75,
            5219855.65
          ],
          [
            629913.25,
            5219854.65
          ],
          [
            629915.25,
            5219852.65
          ],
          [
            629915.75,
            5219851.65
          ],
          [
            629917.75,
            5219849.65
          ],
          [
            629918.25,
            5219848.65
          ],
          [
            629920.25,
            5219846.65
          ],
          [
            629920.75,
            5219845.65
          ],
          [
            629922.75,
            5219843.65
          ],
          [
            629923.25,
            5219842.65
          ],
          [
            629925.25,
            5219840.65
          ],
          [
            629925.75,
            5219839.65
          ],
          [
            629927.75,
            5219837.65
          ],
          [
            629930.75,
            5219833.65
          ],
          [
            629933.25,
            5219831.15
          ],
          [
            629933.75,
            5219830.15
          ],
          [
            629935.75,
            5219828.15
          ],
          [
            629936.25,
            5219827.15
          ],
          [
            629938.25,
            5219825.15
          ],
          [
            629938.75,
            5219824.15
          ],
          [
            629940.75,
            5219822.15
          ],
          [
            629941.25,
            5219821.15
          ],
          [
            629943.25,
            5219819.15
          ],
          [
            629943.75,
            5219818.15
          ],
          [
            629945.75,
            5219816.15
          ],
          [
            629946.25,
            5219815.15
          ],
          [
            629948.25,
            5219813.15
          ],
          [
            629948.75,
            5219812.15
          ],
          [
            629950.75,
            5219810.15
          ],
          [
            629951.25,
            5219809.15
          ],
          [
            629953.25,
            5219807.15
          ],
          [
            629953.75,
            5219806.15
          ],
          [
            629955.75,
            5219804.15
          ],
          [
            629956.25,
            5219803.15
          ],
          [
            629958.25,
            5219801.15
          ],
          [
            629958.75,
            5219800.15
          ],
          [
            629960.75,
            5219798.15
          ],
          [
            629961.25,
            5219797.15
          ],
          [
            629963.25,
            5219795.15
          ],
          [
            629963.75,
            5219794.15
          ],
          [
            629965.75,
            5219792.15
          ],
          [
            629966.25,
            5219791.15
          ],
          [
            629968.25,
            5219789.15
          ],
          [
            629968.75,
            5219788.15
          ],
          [
            629970.75,
            5219786.15
          ],
          [
            629971.25,
            5219785.15
          ],
          [
            629973.25,
            5219783.15
          ],
          [
            629973.75,
            5219782.15
          ],
          [
            629975.75,
            5219780.15
          ],
          [
            629976.25,
            5219779.15
          ],
          [
            629978.25,
            5219777.15
          ],
          [
            629978.75,
            5219776.15
          ],
          [
            629980.75,
            5219774.15
          ],
          [
            629981.25,
            5219773.15
          ],
          [
            629983.75,
            5219770.65
          ],
          [
            629984.25,
            5219769.65
          ],
          [
            629986.25,
            5219767.65
          ],
          [
            629986.75,
            5219766.65
          ],
          [
            629990.75,
            5219762.15
          ],
          [
            629997.75,
            5219748.15
          ],
          [
            629997.75,
            5219747.65
          ],
          [
            629997.75,
            5219747.15
          ],
          [
            629997.25,
            5219746.15
          ],
          [
            629995.75,
            5219744.65
          ],
          [
            629995.25,
            5219743.65
          ],
          [
            629993.75,
            5219742.15
          ],
          [
            629993.25,
            5219741.15
          ],
          [
            629991.75,
            5219739.65
          ],
          [
            629987.25,
            5219733.65
          ],
          [
            629985.25,
            5219731.65
          ],
          [
            629980.75,
            5219725.65
          ],
          [
            629976.75,
            5219721.65
          ],
          [
            629976.25,
            5219720.65
          ],
          [
            629975.75,
            5219719.65
          ],
          [
            629975.25,
            5219718.65
          ],
          [
            629974.75,
            5219717.65
          ],
          [
            629974.25,
            5219716.65
          ],
          [
            629973.75,
            5219715.65
          ],
          [
            629978.75,
            5219707.65
          ],
          [
            629985.75,
            5219700.15
          ],
          [
            629986.25,
            5219699.15
          ],
          [
            629990.75,
            5219694.65
          ],
          [
            629991.25,
            5219693.65
          ],
          [
            629995.25,
            5219689.65
          ],
          [
            629995.75,
            5219688.65
          ],
          [
            629999.75,
            5219684.65
          ],
          [
            630000.25,
            5219683.65
          ],
          [
            630004.75,
            5219679.15
          ],
          [
            630005.25,
            5219678.15
          ],
          [
            630008.25,
            5219675.15
          ],
          [
            630008.75,
            5219674.15
          ],
          [
            630011.25,
            5219671.65
          ],
          [
            630011.75,
            5219670.65
          ],
          [
            630017.25,
            5219664.65
          ],
          [
            630017.75,
            5219663.65
          ],
          [
            630020.75,
            5219660.65
          ],
          [
            630021.25,
            5219659.65
          ],
          [
            630021.75,
            5219659.15
          ],
          [
            630022.25,
            5219658.65
          ],
          [
            630022.75,
            5219658.15
          ],
          [
            630023.25,
            5219657.65
          ],
          [
            630023.75,
            5219657.15
          ],
          [
            630024.25,
            5219656.65
          ],
          [
            630024.75,
            5219656.15
          ],
          [
            630025.25,
            5219655.65
          ],
          [
            630025.75,
            5219655.15
          ],
          [
            630026.25,
            5219654.65
          ],
          [
            630026.75,
            5219654.15
          ],
          [
            630027.25,
            5219653.65
          ],
          [
            630027.75,
            5219653.15
          ],
          [
            630028.25,
            5219652.65
          ],
          [
            630028.75,
            5219652.15
          ],
          [
            630029.25,
            5219651.65
          ],
          [
            630029.75,
            5219651.15
          ],
          [
            630030.25,
            5219650.65
          ],
          [
            630046.75,
            5219634.15
          ],
          [
            630047.75,
            5219633.65
          ],
          [
            630049.75,
            5219631.65
          ],
          [
            630053.25,
            5219629.15
          ],
          [
            630055.25,
            5219627.15
          ],
          [
            630056.25,
            5219626.65
          ],
          [
            630058.25,
            5219624.65
          ],
          [
            630061.75,
            5219622.15
          ],
          [
            630063.75,
            5219620.15
          ],
          [
            630067.25,
            5219617.65
          ],
          [
            630069.25,
            5219615.65
          ],
          [
            630070.25,
            5219615.15
          ],
          [
            630072.25,
            5219613.15
          ],
          [
            630075.75,
            5219610.65
          ],
          [
            630077.75,
            5219608.65
          ],
          [
            630078.75,
            5219608.15
          ],
          [
            630080.75,
            5219606.15
          ],
          [
            630084.25,
            5219603.65
          ],
          [
            630086.25,
            5219601.65
          ],
          [
            630087.25,
            5219601.15
          ],
          [
            630089.25,
            5219599.15
          ],
          [
            630092.75,
            5219596.65
          ],
          [
            630094.75,
            5219594.65
          ],
          [
            630098.25,
            5219592.15
          ],
          [
            630100.25,
            5219590.15
          ],
          [
            630101.25,
            5219589.65
          ],
          [
            630103.25,
            5219587.65
          ],
          [
            630106.75,
            5219585.15
          ],
          [
            630111.75,
            5219580.65
          ],
          [
            630115.25,
            5219578.15
          ],
          [
            630120.25,
            5219573.65
          ],
          [
            630121.25,
            5219573.15
          ],
          [
            630125.75,
            5219569.15
          ],
          [
            630126.75,
            5219568.65
          ],
          [
            630131.25,
            5219564.65
          ],
          [
            630132.25,
            5219564.15
          ],
          [
            630134.75,
            5219561.65
          ],
          [
            630135.75,
            5219561.15
          ],
          [
            630138.25,
            5219558.65
          ],
          [
            630139.25,
            5219558.15
          ],
          [
            630148.75,
            5219549.65
          ],
          [
            630152.75,
            5219546.65
          ],
          [
            630153.25,
            5219546.15
          ],
          [
            630153.75,
            5219545.65
          ],
          [
            630154.25,
            5219545.15
          ],
          [
            630154.75,
            5219544.65
          ],
          [
            630155.25,
            5219544.15
          ],
          [
            630156.25,
            5219543.65
          ],
          [
            630156.75,
            5219543.15
          ],
          [
            630157.25,
            5219542.65
          ],
          [
            630157.75,
            5219542.15
          ],
          [
            630158.75,
            5219541.15
          ],
          [
            630159.75,
            5219540.65
          ],
          [
            630162.25,
            5219538.15
          ],
          [
            630163.25,
            5219537.65
          ],
          [
            630165.75,
            5219535.15
          ],
          [
            630166.75,
            5219534.65
          ],
          [
            630176.25,
            5219526.15
          ],
          [
            630180.25,
            5219523.15
          ],
          [
            630182.75,
            5219520.65
          ],
          [
            630183.75,
            5219520.15
          ],
          [
            630186.25,
            5219517.65
          ],
          [
            630187.25,
            5219517.15
          ],
          [
            630189.75,
            5219514.65
          ],
          [
            630190.75,
            5219514.15
          ],
          [
            630200.25,
            5219505.65
          ],
          [
            630204.25,
            5219502.65
          ],
          [
            630213.75,
            5219494.15
          ],
          [
            630230.25,
            5219483.65
          ],
          [
            630232.25,
            5219482.65
          ],
          [
            630246.75,
            5219472.65
          ],
          [
            630247.75,
            5219472.15
          ],
          [
            630248.75,
            5219471.65
          ],
          [
            630249.75,
            5219471.15
          ],
          [
            630250.75,
            5219470.65
          ],
          [
            630251.75,
            5219470.15
          ],
          [
            630252.75,
            5219469.65
          ],
          [
            630253.75,
            5219469.15
          ],
          [
            630254.75,
            5219468.65
          ],
          [
            630255.75,
            5219468.15
          ],
          [
            630256.75,
            5219467.65
          ],
          [
            630257.75,
            5219467.15
          ],
          [
            630258.75,
            5219466.65
          ],
          [
            630259.75,
            5219466.15
          ],
          [
            630260.75,
            5219465.65
          ],
          [
            630261.75,
            5219465.15
          ],
          [
            630262.75,
            5219464.65
          ],
          [
            630263.75,
            5219464.15
          ],
          [
            630264.75,
            5219463.65
          ],
          [
            630265.75,
            5219463.15
          ],
          [
            630266.75,
            5219462.65
          ],
          [
            630267.75,
            5219462.15
          ],
          [
            630268.75,
            5219461.65
          ],
          [
            630269.75,
            5219461.15
          ],
          [
            630270.75,
            5219460.65
          ],
          [
            630271.75,
            5219460.15
          ],
          [
            630272.75,
            5219459.65
          ],
          [
            630273.75,
            5219459.15
          ],
          [
            630274.75,
            5219458.65
          ],
          [
            630275.75,
            5219457.65
          ],
          [
            630278.25,
            5219456.15
          ],
          [
            630281.25,
            5219453.65
          ],
          [
            630283.75,
            5219452.15
          ],
          [
            630284.75,
            5219451.15
          ],
          [
            630287.25,
            5219449.65
          ],
          [
            630290.25,
            5219447.15
          ],
          [
            630296.75,
            5219442.65
          ],
          [
            630297.25,
            5219442.15
          ],
          [
            630297.75,
            5219441.65
          ],
          [
            630298.25,
            5219441.15
          ],
          [
            630298.75,
            5219440.65
          ],
          [
            630299.25,
            5219440.15
          ],
          [
            630299.75,
            5219439.65
          ],
          [
            630300.25,
            5219439.15
          ],
          [
            630300.75,
            5219438.65
          ],
          [
            630301.25,
            5219438.15
          ],
          [
            630301.75,
            5219437.65
          ],
          [
            630302.25,
            5219437.15
          ],
          [
            630302.75,
            5219436.65
          ],
          [
            630303.25,
            5219436.15
          ],
          [
            630303.75,
            5219435.65
          ],
          [
            630304.25,
            5219435.15
          ],
          [
            630304.75,
            5219434.65
          ],
          [
            630305.25,
            5219434.15
          ],
          [
            630305.75,
            5219433.65
          ],
          [
            630306.25,
            5219433.15
          ],
          [
            630306.75,
            5219432.65
          ],
          [
            630307.25,
            5219432.15
          ],
          [
            630307.75,
            5219431.65
          ],
          [
            630308.25,
            5219431.15
          ],
          [
            630308.75,
            5219430.65
          ],
          [
            630309.25,
            5219430.15
          ],
          [
            630309.75,
            5219429.65
          ],
          [
            630310.25,
            5219429.15
          ],
          [
            630310.75,
            5219428.65
          ],
          [
            630311.25,
            5219428.15
          ],
          [
            630311.75,
            5219427.65
          ],
          [
            630312.25,
            5219427.15
          ],
          [
            630312.75,
            5219426.65
          ],
          [
            630313.25,
            5219426.15
          ],
          [
            630313.75,
            5219425.65
          ],
          [
            630322.75,
            5219416.65
          ],
          [
            630323.25,
            5219415.65
          ],
          [
            630323.75,
            5219415.15
          ],
          [
            630324.25,
            5219414.65
          ],
          [
            630324.75,
            5219414.15
          ],
          [
            630325.25,
            5219413.65
          ],
          [
            630325.75,
            5219413.15
          ],
          [
            630326.25,
            5219412.65
          ],
          [
            630326.75,
            5219412.15
          ],
          [
            630327.25,
            5219411.65
          ],
          [
            630327.75,
            5219411.15
          ],
          [
            630328.25,
            5219410.65
          ],
          [
            630328.75,
            5219410.15
          ],
          [
            630329.25,
            5219409.65
          ],
          [
            630329.75,
            5219409.15
          ],
          [
            630330.25,
            5219408.65
          ],
          [
            630330.75,
            5219408.15
          ],
          [
            630341.75,
            5219397.15
          ],
          [
            630342.25,
            5219396.15
          ],
          [
            630342.25,
            5219394.65
          ],
          [
            630341.75,
            5219394.15
          ],
          [
            630341.75,
            5219393.65
          ],
          [
            630341.25,
            5219393.15
          ],
          [
            630340.75,
            5219392.15
          ],
          [
            630340.25,
            5219391.65
          ],
          [
            630339.75,
            5219390.65
          ],
          [
            630339.25,
            5219390.15
          ],
          [
            630338.75,
            5219389.15
          ],
          [
            630338.25,
            5219388.65
          ],
          [
            630337.75,
            5219387.65
          ],
          [
            630336.75,
            5219386.15
          ],
          [
            630336.25,
            5219385.65
          ],
          [
            630335.75,
            5219385.15
          ],
          [
            630335.25,
            5219384.15
          ],
          [
            630334.25,
            5219382.65
          ],
          [
            630334.75,
            5219383.65
          ],
          [
            630335.75,
            5219385.15
          ],
          [
            630336.25,
            5219385.65
          ],
          [
            630336.75,
            5219386.15
          ],
          [
            630337.25,
            5219387.15
          ],
          [
            630337.75,
            5219387.65
          ],
          [
            630337.25,
            5219387.15
          ],
          [
            630336.75,
            5219386.15
          ],
          [
            630336.25,
            5219385.65
          ],
          [
            630335.75,
            5219385.15
          ],
          [
            630335.25,
            5219384.15
          ],
          [
            630334.75,
            5219383.65
          ],
          [
            630334.25,
            5219382.65
          ],
          [
            630333.75,
            5219382.15
          ],
          [
            630333.25,
            5219381.15
          ],
          [
            630332.75,
            5219380.65
          ],
          [
            630332.25,
            5219379.65
          ],
          [
            630331.25,
            5219378.15
          ],
          [
            630331.75,
            5219379.15
          ],
          [
            630332.25,
            5219379.65
          ],
          [
            630332.75,
            5219380.65
          ],
          [
            630333.25,
            5219381.15
          ],
          [
            630333.75,
            5219382.15
          ],
          [
            630334.25,
            5219382.65
          ],
          [
            630334.75,
            5219383.65
          ],
          [
            630335.25,
            5219384.15
          ],
          [
            630335.75,
            5219385.15
          ],
          [
            630336.25,
            5219385.65
          ],
          [
            630336.75,
            5219386.15
          ],
          [
            630337.25,
            5219386.65
          ],
          [
            630341.75,
            5219393.65
          ],
          [
            630342.25,
            5219393.65
          ],
          [
            630342.75,
            5219394.15
          ],
          [
            630344.25,
            5219394.15
          ],
          [
            630344.75,
            5219393.65
          ],
          [
            630345.25,
            5219393.15
          ],
          [
            630345.75,
            5219392.65
          ],
          [
            630345.25,
            5219391.15
          ],
          [
            630345.25,
            5219390.65
          ],
          [
            630345.25,
            5219390.15
          ],
          [
            630344.75,
            5219389.15
          ],
          [
            630344.25,
            5219388.65
          ],
          [
            630343.75,
            5219387.65
          ],
          [
            630343.25,
            5219387.15
          ],
          [
            630342.75,
            5219386.15
          ],
          [
            630342.25,
            5219385.65
          ],
          [
            630341.75,
            5219384.65
          ],
          [
            630340.75,
            5219383.15
          ],
          [
            630340.25,
            5219382.65
          ],
          [
            630339.75,
            5219382.15
          ],
          [
            630339.25,
            5219381.15
          ],
          [
            630339.75,
            5219382.15
          ],
          [
            630340.25,
            5219382.65
          ],
          [
            630340.75,
            5219383.15
          ],
          [
            630342.25,
            5219385.65
          ],
          [
            630342.75,
            5219386.15
          ],
          [
            630343.25,
            5219386.65
          ],
          [
            630342.75,
            5219386.15
          ],
          [
            630342.25,
            5219385.65
          ],
          [
            630341.75,
            5219384.65
          ],
          [
            630341.25,
            5219383.65
          ],
          [
            630341.75,
            5219384.65
          ],
          [
            630342.25,
            5219385.65
          ],
          [
            630342.75,
            5219386.15
          ],
          [
            630343.25,
            5219386.65
          ],
          [
            630344.25,
            5219388.15
          ],
          [
            630344.75,
            5219389.15
          ],
          [
            630345.25,
            5219390.15
          ],
          [
            630345.25,
            5219390.65
          ],
          [
            630345.25,
            5219391.15
          ],
          [
            630345.75,
            5219392.15
          ],
          [
            630345.75,
            5219392.65
          ],
          [
            630345.25,
            5219393.15
          ],
          [
            630344.75,
            5219393.65
          ],
          [
            630344.25,
            5219394.15
          ],
          [
            630343.75,
            5219394.65
          ],
          [
            630343.25,
            5219395.15
          ],
          [
            630342.75,
            5219395.65
          ],
          [
            630342.25,
            5219396.15
          ],
          [
            630340.25,
            5219398.15
          ],
          [
            630339.75,
            5219398.15
          ],
          [
            630339.25,
            5219397.65
          ],
          [
            630338.75,
            5219397.15
          ],
          [
            630338.25,
            5219396.65
          ],
          [
            630337.75,
            5219396.15
          ],
          [
            630337.25,
            5219395.65
          ],
          [
            630336.75,
            5219394.65
          ],
          [
            630336.25,
            5219394.15
          ],
          [
            630335.75,
            5219393.15
          ],
          [
            630335.25,
            5219392.65
          ],
          [
            630334.75,
            5219391.65
          ],
          [
            630334.25,
            5219391.15
          ],
          [
            630333.75,
            5219390.15
          ],
          [
            630333.25,
            5219389.65
          ],
          [
            630332.75,
            5219388.65
          ],
          [
            630332.25,
            5219388.15
          ],
          [
            630331.75,
            5219387.15
          ],
          [
            630331.25,
            5219386.65
          ],
          [
            630330.75,
            5219385.65
          ],
          [
            630329.75,
            5219384.15
          ],
          [
            630329.25,
            5219383.65
          ],
          [
            630328.75,
            5219383.15
          ],
          [
            630328.25,
            5219382.15
          ],
          [
            630327.75,
            5219381.65
          ],
          [
            630327.25,
            5219380.65
          ],
          [
            630326.75,
            5219380.15
          ],
          [
            630326.25,
            5219379.15
          ],
          [
            630325.75,
            5219378.65
          ],
          [
            630325.25,
            5219377.65
          ],
          [
            630324.25,
            5219376.15
          ],
          [
            630324.75,
            5219377.15
          ],
          [
            630325.25,
            5219377.65
          ],
          [
            630325.75,
            5219378.65
          ],
          [
            630326.75,
            5219380.15
          ],
          [
            630327.25,
            5219380.65
          ],
          [
            630327.75,
            5219381.15
          ],
          [
            630328.25,
            5219382.15
          ],
          [
            630328.75,
            5219382.65
          ],
          [
            630329.25,
            5219383.65
          ],
          [
            630329.75,
            5219384.15
          ],
          [
            630330.25,
            5219385.15
          ],
          [
            630330.75,
            5219385.65
          ],
          [
            630331.25,
            5219386.65
          ],
          [
            630332.25,
            5219388.15
          ],
          [
            630332.75,
            5219388.65
          ],
          [
            630333.25,
            5219389.15
          ],
          [
            630337.25,
            5219395.15
          ],
          [
            630337.75,
            5219396.15
          ],
          [
            630338.25,
            5219397.15
          ],
          [
            630338.25,
            5219397.65
          ],
          [
            630339.25,
            5219398.65
          ],
          [
            630339.25,
            5219399.15
          ],
          [
            630331.25,
            5219407.15
          ],
          [
            630330.75,
            5219408.15
          ],
          [
            630330.25,
            5219408.65
          ],
          [
            630329.75,
            5219409.15
          ],
          [
            630329.25,
            5219409.65
          ],
          [
            630328.75,
            5219410.15
          ],
          [
            630328.25,
            5219410.65
          ],
          [
            630327.75,
            5219411.15
          ],
          [
            630327.25,
            5219411.65
          ],
          [
            630326.75,
            5219412.15
          ],
          [
            630326.25,
            5219412.65
          ],
          [
            630325.75,
            5219413.15
          ],
          [
            630325.25,
            5219413.65
          ],
          [
            630324.75,
            5219414.15
          ],
          [
            630324.25,
            5219414.65
          ],
          [
            630323.75,
            5219415.15
          ],
          [
            630323.25,
            5219415.65
          ],
          [
            630314.25,
            5219424.65
          ],
          [
            630313.75,
            5219425.65
          ],
          [
            630313.25,
            5219426.15
          ],
          [
            630312.75,
            5219426.65
          ],
          [
            630312.25,
            5219427.15
          ],
          [
            630311.75,
            5219427.65
          ],
          [
            630311.25,
            5219428.15
          ],
          [
            630310.75,
            5219428.65
          ],
          [
            630310.25,
            5219429.15
          ],
          [
            630309.75,
            5219429.65
          ],
          [
            630309.25,
            5219430.15
          ],
          [
            630308.75,
            5219430.65
          ],
          [
            630308.25,
            5219431.15
          ],
          [
            630307.75,
            5219431.65
          ],
          [
            630307.25,
            5219432.15
          ],
          [
            630306.75,
            5219432.65
          ],
          [
            630306.25,
            5219433.15
          ],
          [
            630305.75,
            5219433.65
          ],
          [
            630305.25,
            5219434.15
          ],
          [
            630304.75,
            5219434.65
          ],
          [
            630304.25,
            5219435.15
          ],
          [
            630303.75,
            5219435.65
          ],
          [
            630303.25,
            5219436.15
          ],
          [
            630302.75,
            5219436.65
          ],
          [
            630302.25,
            5219437.15
          ],
          [
            630301.75,
            5219437.65
          ],
          [
            630301.25,
            5219438.15
          ],
          [
            630300.75,
            5219438.65
          ],
          [
            630300.25,
            5219439.15
          ],
          [
            630299.75,
            5219439.65
          ],
          [
            630299.25,
            5219440.15
          ],
          [
            630298.75,
            5219440.65
          ],
          [
            630298.25,
            5219441.15
          ],
          [
            630297.75,
            5219441.65
          ],
          [
            630297.25,
            5219442.15
          ],
          [
            630296.75,
            5219442.65
          ],
          [
            630290.75,
            5219448.65
          ],
          [
            630286.25,
            5219451.65
          ],
          [
            630281.75,
            5219455.15
          ],
          [
            630280.75,
            5219455.65
          ],
          [
            630279.75,
            5219456.15
          ],
          [
            630278.75,
            5219456.65
          ],
          [
            630277.75,
            5219457.15
          ],
          [
            630276.75,
            5219457.65
          ],
          [
            630275.75,
            5219458.15
          ],
          [
            630274.75,
            5219458.65
          ],
          [
            630273.75,
            5219459.15
          ],
          [
            630272.75,
            5219459.65
          ],
          [
            630271.75,
            5219460.15
          ],
          [
            630270.75,
            5219460.65
          ],
          [
            630269.75,
            5219461.15
          ],
          [
            630268.75,
            5219461.65
          ],
          [
            630267.75,
            5219462.15
          ],
          [
            630266.75,
            5219462.65
          ],
          [
            630265.75,
            5219463.15
          ],
          [
            630264.75,
            5219463.65
          ],
          [
            630263.75,
            5219464.15
          ],
          [
            630262.75,
            5219464.65
          ],
          [
            630261.75,
            5219465.15
          ],
          [
            630260.75,
            5219465.65
          ],
          [
            630259.75,
            5219466.15
          ],
          [
            630258.75,
            5219466.65
          ],
          [
            630257.75,
            5219467.15
          ],
          [
            630256.75,
            5219467.65
          ],
          [
            630255.75,
            5219468.15
          ],
          [
            630254.75,
            5219468.65
          ],
          [
            630233.25,
            5219483.65
          ],
          [
            630215.25,
            5219494.65
          ],
          [
            630210.25,
            5219499.15
          ],
          [
            630209.25,
            5219499.65
          ],
          [
            630206.75,
            5219502.15
          ],
          [
            630205.75,
            5219502.65
          ],
          [
            630200.75,
            5219507.65
          ],
          [
            630198.75,
            5219508.65
          ],
          [
            630196.25,
            5219511.15
          ],
          [
            630192.25,
            5219514.15
          ],
          [
            630189.75,
            5219516.65
          ],
          [
            630188.75,
            5219517.15
          ],
          [
            630186.25,
            5219519.65
          ],
          [
            630185.25,
            5219520.15
          ],
          [
            630182.75,
            5219522.65
          ],
          [
            630181.75,
            5219523.15
          ],
          [
            630179.25,
            5219525.65
          ],
          [
            630178.25,
            5219526.15
          ],
          [
            630175.75,
            5219528.65
          ],
          [
            630174.75,
            5219529.15
          ],
          [
            630172.25,
            5219531.65
          ],
          [
            630171.25,
            5219532.15
          ],
          [
            630169.25,
            5219534.15
          ],
          [
            630168.25,
            5219534.65
          ],
          [
            630165.75,
            5219537.15
          ],
          [
            630163.75,
            5219538.65
          ],
          [
            630159.75,
            5219540.65
          ],
          [
            630157.75,
            5219542.15
          ],
          [
            630157.25,
            5219542.15
          ],
          [
            630156.25,
            5219541.15
          ],
          [
            630155.25,
            5219541.15
          ],
          [
            630154.75,
            5219540.65
          ],
          [
            630154.25,
            5219540.15
          ],
          [
            630153.75,
            5219539.65
          ],
          [
            630149.75,
            5219535.65
          ],
          [
            630149.25,
            5219534.65
          ],
          [
            630147.75,
            5219533.15
          ],
          [
            630147.25,
            5219532.15
          ],
          [
            630146.75,
            5219531.65
          ],
          [
            630146.25,
            5219531.15
          ],
          [
            630145.75,
            5219530.65
          ],
          [
            630145.25,
            5219529.65
          ],
          [
            630143.75,
            5219528.15
          ],
          [
            630143.25,
            5219527.15
          ],
          [
            630141.75,
            5219525.65
          ],
          [
            630141.25,
            5219524.65
          ],
          [
            630139.75,
            5219523.15
          ],
          [
            630139.25,
            5219522.15
          ],
          [
            630137.75,
            5219520.65
          ],
          [
            630137.25,
            5219519.65
          ],
          [
            630136.75,
            5219519.15
          ],
          [
            630136.25,
            5219518.65
          ],
          [
            630135.75,
            5219518.15
          ],
          [
            630134.25,
            5219516.15
          ],
          [
            630135.25,
            5219517.15
          ],
          [
            630135.75,
            5219518.15
          ],
          [
            630136.25,
            5219518.65
          ],
          [
            630136.75,
            5219519.15
          ],
          [
            630137.25,
            5219519.65
          ],
          [
            630142.75,
            5219525.15
          ],
          [
            630144.25,
            5219527.15
          ],
          [
            630146.25,
            5219531.15
          ],
          [
            630146.75,
            5219531.65
          ],
          [
            630147.25,
            5219532.15
          ],
          [
            630152.75,
            5219537.65
          ],
          [
            630153.25,
            5219538.65
          ],
          [
            630153.75,
            5219539.65
          ],
          [
            630154.75,
            5219541.65
          ],
          [
            630154.75,
            5219543.15
          ],
          [
            630155.25,
            5219544.15
          ],
          [
            630154.75,
            5219544.65
          ],
          [
            630154.25,
            5219545.15
          ],
          [
            630153.75,
            5219545.65
          ],
          [
            630153.25,
            5219546.15
          ],
          [
            630152.75,
            5219546.65
          ],
          [
            630141.75,
            5219557.65
          ],
          [
            630140.75,
            5219558.15
          ],
          [
            630131.25,
            5219566.65
          ],
          [
            630127.75,
            5219569.15
          ],
          [
            630122.75,
            5219573.65
          ],
          [
            630121.75,
            5219574.15
          ],
          [
            630117.25,
            5219578.15
          ],
          [
            630113.75,
            5219580.65
          ],
          [
            630108.75,
            5219585.15
          ],
          [
            630105.25,
            5219587.65
          ],
          [
            630100.25,
            5219592.15
          ],
          [
            630096.75,
            5219594.65
          ],
          [
            630091.75,
            5219599.15
          ],
          [
            630088.25,
            5219601.65
          ],
          [
            630086.25,
            5219603.65
          ],
          [
            630082.75,
            5219606.15
          ],
          [
            630077.75,
            5219610.65
          ],
          [
            630074.25,
            5219613.15
          ],
          [
            630069.25,
            5219617.65
          ],
          [
            630065.75,
            5219620.15
          ],
          [
            630060.75,
            5219624.65
          ],
          [
            630057.25,
            5219627.15
          ],
          [
            630055.25,
            5219629.15
          ],
          [
            630051.75,
            5219631.65
          ],
          [
            630049.75,
            5219633.65
          ],
          [
            630045.75,
            5219636.65
          ],
          [
            630043.25,
            5219639.15
          ],
          [
            630042.25,
            5219639.65
          ],
          [
            630037.25,
            5219644.65
          ],
          [
            630036.25,
            5219645.15
          ],
          [
            630031.25,
            5219650.15
          ],
          [
            630030.25,
            5219650.65
          ],
          [
            630029.75,
            5219651.15
          ],
          [
            630029.25,
            5219651.65
          ],
          [
            630028.75,
            5219652.15
          ],
          [
            630028.25,
            5219652.65
          ],
          [
            630027.75,
            5219653.15
          ],
          [
            630027.25,
            5219653.65
          ],
          [
            630026.75,
            5219654.15
          ],
          [
            630026.25,
            5219654.65
          ],
          [
            630025.75,
            5219655.15
          ],
          [
            630025.25,
            5219655.65
          ],
          [
            630024.75,
            5219656.15
          ],
          [
            630024.25,
            5219656.65
          ],
          [
            630023.75,
            5219657.15
          ],
          [
            630023.25,
            5219657.65
          ],
          [
            630022.75,
            5219658.15
          ],
          [
            630022.25,
            5219658.65
          ],
          [
            630021.75,
            5219659.15
          ],
          [
            630021.25,
            5219659.65
          ],
          [
            630009.25,
            5219671.65
          ],
          [
            630008.75,
            5219672.65
          ],
          [
            630006.25,
            5219675.15
          ],
          [
            630005.75,
            5219676.15
          ],
          [
            630001.75,
            5219680.15
          ],
          [
            630001.25,
            5219681.15
          ],
          [
            629994.25,
            5219688.65
          ],
          [
            629992.75,
            5219691.65
          ],
          [
            629978.75,
            5219705.65
          ],
          [
            629973.75,
            5219715.65
          ],
          [
            629974.25,
            5219716.65
          ],
          [
            629974.75,
            5219717.65
          ],
          [
            629979.75,
            5219722.65
          ],
          [
            629980.25,
            5219723.65
          ],
          [
            629982.75,
            5219726.15
          ],
          [
            629983.25,
            5219727.15
          ],
          [
            629985.25,
            5219729.15
          ],
          [
            629985.75,
            5219730.15
          ],
          [
            629987.25,
            5219731.65
          ],
          [
            629987.75,
            5219732.65
          ],
          [
            629989.25,
            5219734.15
          ],
          [
            629989.75,
            5219735.15
          ],
          [
            629994.75,
            5219741.15
          ],
          [
            629995.25,
            5219742.15
          ],
          [
            629995.75,
            5219743.15
          ],
          [
            629996.25,
            5219744.15
          ],
          [
            629996.75,
            5219745.15
          ],
          [
            629997.25,
            5219746.15
          ],
          [
            629997.75,
            5219747.15
          ],
          [
            629997.75,
            5219747.65
          ],
          [
            629997.75,
            5219748.15
          ],
          [
            629974.75,
            5219771.15
          ],
          [
            629974.25,
            5219772.15
          ],
          [
            629972.25,
            5219774.15
          ],
          [
            629971.75,
            5219775.15
          ],
          [
            629969.75,
            5219777.15
          ],
          [
            629969.25,
            5219778.15
          ],
          [
            629967.25,
            5219780.15
          ],
          [
            629966.75,
            5219781.15
          ],
          [
            629964.75,
            5219783.15
          ],
          [
            629964.25,
            5219784.15
          ],
          [
            629962.25,
            5219786.15
          ],
          [
            629961.75,
            5219787.15
          ],
          [
            629959.75,
            5219789.15
          ],
          [
            629959.25,
            5219790.15
          ],
          [
            629957.25,
            5219792.15
          ],
          [
            629956.75,
            5219793.15
          ],
          [
            629954.75,
            5219795.15
          ],
          [
            629954.25,
            5219796.15
          ],
          [
            629952.25,
            5219798.15
          ],
          [
            629951.75,
            5219799.15
          ],
          [
            629949.75,
            5219801.15
          ],
          [
            629949.25,
            5219802.15
          ],
          [
            629947.25,
            5219804.15
          ],
          [
            629946.75,
            5219805.15
          ],
          [
            629944.75,
            5219807.15
          ],
          [
            629944.25,
            5219808.15
          ],
          [
            629942.25,
            5219810.15
          ],
          [
            629941.75,
            5219811.15
          ],
          [
            629939.75,
            5219813.15
          ],
          [
            629939.25,
            5219814.15
          ],
          [
            629937.25,
            5219816.15
          ],
          [
            629936.75,
            5219817.15
          ],
          [
            629934.75,
            5219819.15
          ],
          [
            629934.25,
            5219820.15
          ],
          [
            629932.25,
            5219822.15
          ],
          [
            629931.75,
            5219823.15
          ],
          [
            629929.75,
            5219825.15
          ],
          [
            629926.75,
            5219829.15
          ],
          [
            629924.25,
            5219831.65
          ],
          [
            629923.75,
            5219832.65
          ],
          [
            629921.75,
            5219834.65
          ],
          [
            629921.25,
            5219835.65
          ],
          [
            629919.25,
            5219837.65
          ],
          [
            629918.75,
            5219838.65
          ],
          [
            629916.75,
            5219840.65
          ],
          [
            629916.25,
            5219841.65
          ],
          [
            629914.25,
            5219843.65
          ],
          [
            629913.75,
            5219844.65
          ],
          [
            629911.75,
            5219846.65
          ],
          [
            629911.25,
            5219847.65
          ],
          [
            629909.25,
            5219849.65
          ],
          [
            629908.75,
            5219850.65
          ],
          [
            629906.75,
            5219852.65
          ],
          [
            629906.25,
            5219853.65
          ],
          [
            629904.25,
            5219855.65
          ],
          [
            629903.75,
            5219856.65
          ],
          [
            629901.75,
            5219858.65
          ],
          [
            629901.25,
            5219859.65
          ],
          [
            629899.25,
            5219861.65
          ],
          [
            629898.75,
            5219862.65
          ],
          [
            629896.75,
            5219864.65
          ],
          [
            629896.25,
            5219865.65
          ],
          [
            629894.25,
            5219867.65
          ],
          [
            629893.75,
            5219868.65
          ],
          [
            629891.75,
            5219870.65
          ],
          [
            629891.25,
            5219871.65
          ],
          [
            629889.25,
            5219873.65
          ],
          [
            629888.75,
            5219874.65
          ],
          [
            629886.75,
            5219876.65
          ],
          [
            629886.25,
            5219877.65
          ],
          [
            629884.25,
            5219879.65
          ],
          [
            629883.75,
            5219880.65
          ],
          [
            629881.75,
            5219882.65
          ],
          [
            629881.25,
            5219883.65
          ],
          [
            629879.25,
            5219885.65
          ],
          [
            629876.25,
            5219889.65
          ],
          [
            629873.75,
            5219892.15
          ],
          [
            629873.25,
            5219893.15
          ],
          [
            629871.25,
            5219895.15
          ],
          [
            629870.75,
            5219896.15
          ],
          [
            629868.75,
            5219898.15
          ],
          [
            629868.25,
            5219899.15
          ],
          [
            629866.25,
            5219901.15
          ],
          [
            629865.75,
            5219902.15
          ],
          [
            629863.75,
            5219904.15
          ],
          [
            629863.25,
            5219905.15
          ],
          [
            629861.25,
            5219907.15
          ],
          [
            629860.75,
            5219908.15
          ],
          [
            629858.75,
            5219910.15
          ],
          [
            629858.25,
            5219911.15
          ],
          [
            629851.25,
            5219919.15
          ],
          [
            629849.75,
            5219921.15
          ],
          [
            629849.25,
            5219922.15
          ],
          [
            629848.75,
            5219923.15
          ],
          [
            629848.25,
            5219924.15
          ],
          [
            629847.75,
            5219925.15
          ],
          [
            629847.25,
            5219926.15
          ],
          [
            629846.75,
            5219927.15
          ],
          [
            629846.25,
            5219928.15
          ],
          [
            629845.75,
            5219929.15
          ],
          [
            629845.25,
            5219930.15
          ],
          [
            629844.75,
            5219931.15
          ],
          [
            629844.25,
            5219932.15
          ],
          [
            629843.75,
            5219933.15
          ],
          [
            629843.25,
            5219934.15
          ],
          [
            629842.75,
            5219935.15
          ],
          [
            629842.25,
            5219936.15
          ],
          [
            629841.75,
            5219937.15
          ],
          [
            629841.25,
            5219938.15
          ],
          [
            629840.75,
            5219939.15
          ],
          [
            629840.25,
            5219940.15
          ],
          [
            629839.75,
            5219941.15
          ],
          [
            629839.25,
            5219942.15
          ],
          [
            629838.75,
            5219943.15
          ],
          [
            629838.25,
            5219944.15
          ],
          [
            629837.75,
            5219945.15
          ],
          [
            629837.25,
            5219946.15
          ],
          [
            629837.75,
            5219946.65
          ],
          [
            629837.25,
            5219946.15
          ],
          [
            629837.75,
            5219945.15
          ],
          [
            629838.25,
            5219944.65
          ],
          [
            629838.75,
            5219944.65
          ],
          [
            629839.25,
            5219944.65
          ],
          [
            629838.75,
            5219944.65
          ],
          [
            629838.25,
            5219944.65
          ],
          [
            629837.25,
            5219946.15
          ],
          [
            629837.75,
            5219946.65
          ],
          [
            629836.75,
            5219946.65
          ],
          [
            629836.25,
            5219947.15
          ],
          [
            629835.75,
            5219947.65
          ],
          [
            629835.25,
            5219948.15
          ],
          [
            629834.75,
            5219948.65
          ],
          [
            629834.25,
            5219949.15
          ],
          [
            629833.75,
            5219949.65
          ],
          [
            629833.25,
            5219950.15
          ],
          [
            629832.75,
            5219950.65
          ],
          [
            629832.25,
            5219951.15
          ],
          [
            629831.75,
            5219951.65
          ],
          [
            629831.25,
            5219952.15
          ],
          [
            629830.75,
            5219952.65
          ],
          [
            629830.25,
            5219953.15
          ],
          [
            629829.75,
            5219953.65
          ],
          [
            629829.25,
            5219954.15
          ],
          [
            629828.75,
            5219954.65
          ],
          [
            629828.25,
            5219955.15
          ],
          [
            629827.75,
            5219955.65
          ],
          [
            629827.25,
            5219956.15
          ],
          [
            629826.75,
            5219956.65
          ],
          [
            629826.25,
            5219957.15
          ],
          [
            629825.75,
            5219957.65
          ],
          [
            629825.25,
            5219958.15
          ],
          [
            629824.75,
            5219958.65
          ],
          [
            629824.25,
            5219959.15
          ],
          [
            629823.75,
            5219959.65
          ],
          [
            629823.25,
            5219960.15
          ],
          [
            629822.75,
            5219960.65
          ],
          [
            629785.75,
            5219997.65
          ],
          [
            629784.25,
            5219999.65
          ],
          [
            629775.25,
            5220017.15
          ],
          [
            629774.75,
            5220017.65
          ],
          [
            629768.75,
            5220017.65
          ],
          [
            629767.75,
            5220017.15
          ],
          [
            629764.75,
            5220016.65
          ],
          [
            629762.25,
            5220015.65
          ],
          [
            629761.25,
            5220015.65
          ],
          [
            629758.75,
            5220014.65
          ],
          [
            629757.75,
            5220014.65
          ],
          [
            629753.25,
            5220013.15
          ],
          [
            629752.25,
            5220013.15
          ],
          [
            629749.75,
            5220012.15
          ],
          [
            629748.75,
            5220012.15
          ],
          [
            629746.25,
            5220011.15
          ],
          [
            629744.25,
            5220011.15
          ],
          [
            629743.75,
            5220011.65
          ],
          [
            629743.75,
            5220012.65
          ],
          [
            629743.25,
            5220013.65
          ],
          [
            629741.75,
            5220015.15
          ],
          [
            629732.25,
            5220028.15
          ],
          [
            629730.75,
            5220029.65
          ],
          [
            629722.75,
            5220040.65
          ],
          [
            629721.25,
            5220042.15
          ],
          [
            629711.75,
            5220055.15
          ],
          [
            629710.25,
            5220056.65
          ],
          [
            629700.75,
            5220069.65
          ],
          [
            629699.25,
            5220071.15
          ],
          [
            629691.25,
            5220082.15
          ],
          [
            629689.75,
            5220083.65
          ],
          [
            629683.75,
            5220091.65
          ],
          [
            629683.75,
            5220093.15
          ],
          [
            629684.25,
            5220094.15
          ],
          [
            629685.25,
            5220094.15
          ],
          [
            629686.25,
            5220094.65
          ],
          [
            629687.25,
            5220094.65
          ],
          [
            629688.25,
            5220095.15
          ],
          [
            629693.25,
            5220096.15
          ],
          [
            629700.25,
            5220099.65
          ],
          [
            629700.75,
            5220100.15
          ],
          [
            629700.75,
            5220101.65
          ],
          [
            629700.25,
            5220102.65
          ],
          [
            629699.75,
            5220103.15
          ],
          [
            629699.25,
            5220103.65
          ],
          [
            629698.75,
            5220104.15
          ],
          [
            629698.25,
            5220105.15
          ],
          [
            629697.75,
            5220105.65
          ],
          [
            629697.25,
            5220106.15
          ],
          [
            629696.75,
            5220107.15
          ],
          [
            629696.25,
            5220107.65
          ],
          [
            629695.75,
            5220108.15
          ],
          [
            629695.25,
            5220109.15
          ],
          [
            629694.75,
            5220109.65
          ],
          [
            629694.25,
            5220110.15
          ],
          [
            629693.75,
            5220110.65
          ],
          [
            629693.25,
            5220111.65
          ],
          [
            629692.75,
            5220112.15
          ],
          [
            629692.25,
            5220112.65
          ],
          [
            629691.75,
            5220113.65
          ],
          [
            629691.25,
            5220114.15
          ],
          [
            629690.75,
            5220114.65
          ],
          [
            629690.25,
            5220115.65
          ],
          [
            629689.75,
            5220116.15
          ],
          [
            629689.25,
            5220116.65
          ],
          [
            629688.75,
            5220117.15
          ],
          [
            629688.25,
            5220118.15
          ],
          [
            629687.75,
            5220118.65
          ],
          [
            629687.25,
            5220119.15
          ],
          [
            629686.75,
            5220120.15
          ],
          [
            629686.25,
            5220120.65
          ],
          [
            629685.75,
            5220121.15
          ],
          [
            629685.25,
            5220122.15
          ],
          [
            629684.75,
            5220122.65
          ],
          [
            629684.25,
            5220123.15
          ],
          [
            629682.75,
            5220125.15
          ],
          [
            629683.75,
            5220124.15
          ],
          [
            629684.25,
            5220123.15
          ],
          [
            629685.75,
            5220121.15
          ],
          [
            629686.25,
            5220120.65
          ],
          [
            629686.75,
            5220120.15
          ],
          [
            629687.25,
            5220119.65
          ],
          [
            629687.75,
            5220118.65
          ],
          [
            629688.25,
            5220118.15
          ],
          [
            629688.75,
            5220117.65
          ],
          [
            629689.25,
            5220116.65
          ],
          [
            629689.75,
            5220116.15
          ],
          [
            629690.25,
            5220115.65
          ],
          [
            629690.75,
            5220115.15
          ],
          [
            629691.25,
            5220114.15
          ],
          [
            629691.75,
            5220113.65
          ],
          [
            629692.25,
            5220113.15
          ],
          [
            629692.75,
            5220112.15
          ],
          [
            629693.75,
            5220110.65
          ],
          [
            629694.25,
            5220110.15
          ],
          [
            629694.75,
            5220109.65
          ],
          [
            629695.25,
            5220109.15
          ],
          [
            629695.75,
            5220108.65
          ],
          [
            629700.25,
            5220102.65
          ],
          [
            629701.75,
            5220100.15
          ],
          [
            629709.25,
            5220100.15
          ],
          [
            629710.25,
            5220100.65
          ],
          [
            629711.25,
            5220100.65
          ],
          [
            629718.25,
            5220104.15
          ],
          [
            629718.75,
            5220104.65
          ],
          [
            629718.75,
            5220105.65
          ],
          [
            629708.25,
            5220119.65
          ],
          [
            629706.75,
            5220121.15
          ],
          [
            629703.25,
            5220126.15
          ],
          [
            629701.75,
            5220127.65
          ],
          [
            629698.25,
            5220132.65
          ],
          [
            629696.75,
            5220134.15
          ],
          [
            629691.75,
            5220141.15
          ],
          [
            629690.25,
            5220142.65
          ],
          [
            629686.75,
            5220147.65
          ],
          [
            629685.25,
            5220149.15
          ],
          [
            629682.25,
            5220153.65
          ],
          [
            629680.25,
            5220155.65
          ],
          [
            629675.25,
            5220162.65
          ],
          [
            629673.75,
            5220164.15
          ],
          [
            629670.25,
            5220169.15
          ],
          [
            629668.75,
            5220170.65
          ],
          [
            629665.25,
            5220175.65
          ],
          [
            629663.75,
            5220177.15
          ],
          [
            629659.25,
            5220183.15
          ],
          [
            629658.25,
            5220185.15
          ],
          [
            629657.25,
            5220185.65
          ],
          [
            629653.75,
            5220190.65
          ],
          [
            629651.75,
            5220192.65
          ],
          [
            629646.25,
            5220192.65
          ],
          [
            629639.25,
            5220190.15
          ],
          [
            629638.25,
            5220190.15
          ],
          [
            629629.75,
            5220187.15
          ],
          [
            629628.75,
            5220187.15
          ],
          [
            629620.25,
            5220184.15
          ],
          [
            629619.25,
            5220184.15
          ],
          [
            629610.75,
            5220181.15
          ],
          [
            629609.75,
            5220181.15
          ],
          [
            629601.25,
            5220178.15
          ],
          [
            629600.25,
            5220178.15
          ],
          [
            629593.25,
            5220175.65
          ],
          [
            629592.25,
            5220175.65
          ],
          [
            629589.25,
            5220174.65
          ],
          [
            629588.75,
            5220175.15
          ],
          [
            629588.25,
            5220176.15
          ],
          [
            629587.75,
            5220177.65
          ],
          [
            629587.25,
            5220178.15
          ],
          [
            629586.75,
            5220178.65
          ],
          [
            629586.25,
            5220179.65
          ],
          [
            629585.75,
            5220180.15
          ],
          [
            629585.25,
            5220180.65
          ],
          [
            629584.75,
            5220181.65
          ],
          [
            629584.25,
            5220182.15
          ],
          [
            629583.75,
            5220182.65
          ],
          [
            629583.25,
            5220183.65
          ],
          [
            629582.75,
            5220184.15
          ],
          [
            629582.25,
            5220184.65
          ],
          [
            629581.75,
            5220185.65
          ],
          [
            629581.25,
            5220186.15
          ],
          [
            629580.25,
            5220187.15
          ],
          [
            629574.25,
            5220195.15
          ],
          [
            629573.75,
            5220196.15
          ],
          [
            629572.75,
            5220197.65
          ],
          [
            629572.25,
            5220198.15
          ],
          [
            629571.75,
            5220198.65
          ],
          [
            629571.25,
            5220199.15
          ],
          [
            629571.75,
            5220198.65
          ],
          [
            629572.25,
            5220198.15
          ],
          [
            629572.75,
            5220197.65
          ],
          [
            629579.25,
            5220188.65
          ],
          [
            629580.75,
            5220187.15
          ],
          [
            629586.75,
            5220179.15
          ],
          [
            629587.25,
            5220178.15
          ],
          [
            629587.75,
            5220177.65
          ],
          [
            629588.25,
            5220176.65
          ],
          [
            629588.75,
            5220175.15
          ],
          [
            629588.25,
            5220174.15
          ],
          [
            629587.25,
            5220173.15
          ],
          [
            629583.25,
            5220171.15
          ],
          [
            629583.75,
            5220170.15
          ],
          [
            629583.75,
            5220169.15
          ],
          [
            629585.75,
            5220166.65
          ],
          [
            629586.25,
            5220165.65
          ],
          [
            629586.75,
            5220165.15
          ],
          [
            629587.25,
            5220164.65
          ],
          [
            629587.75,
            5220164.15
          ],
          [
            629588.25,
            5220163.15
          ],
          [
            629588.75,
            5220162.65
          ],
          [
            629589.25,
            5220162.15
          ],
          [
            629589.75,
            5220161.15
          ],
          [
            629590.25,
            5220160.65
          ],
          [
            629590.75,
            5220160.15
          ],
          [
            629591.25,
            5220159.15
          ],
          [
            629591.75,
            5220158.65
          ],
          [
            629592.75,
            5220157.65
          ],
          [
            629593.25,
            5220156.65
          ],
          [
            629593.75,
            5220156.15
          ],
          [
            629594.25,
            5220155.65
          ],
          [
            629594.75,
            5220154.65
          ],
          [
            629595.25,
            5220154.15
          ],
          [
            629595.75,
            5220153.65
          ],
          [
            629596.25,
            5220152.65
          ],
          [
            629596.75,
            5220152.15
          ],
          [
            629597.25,
            5220151.65
          ],
          [
            629597.75,
            5220150.65
          ],
          [
            629598.25,
            5220150.15
          ],
          [
            629598.75,
            5220149.65
          ],
          [
            629599.25,
            5220149.15
          ],
          [
            629599.75,
            5220148.15
          ],
          [
            629600.25,
            5220147.65
          ],
          [
            629600.75,
            5220147.15
          ],
          [
            629601.25,
            5220146.15
          ],
          [
            629601.75,
            5220145.65
          ],
          [
            629602.25,
            5220145.15
          ],
          [
            629602.75,
            5220144.15
          ],
          [
            629603.25,
            5220143.65
          ],
          [
            629603.75,
            5220143.15
          ],
          [
            629604.25,
            5220142.65
          ],
          [
            629604.75,
            5220141.65
          ],
          [
            629605.25,
            5220141.15
          ],
          [
            629605.75,
            5220140.65
          ],
          [
            629606.25,
            5220139.65
          ],
          [
            629606.75,
            5220139.15
          ],
          [
            629607.25,
            5220138.65
          ],
          [
            629607.75,
            5220137.65
          ],
          [
            629608.25,
            5220137.15
          ],
          [
            629609.25,
            5220136.15
          ],
          [
            629609.75,
            5220135.15
          ],
          [
            629610.25,
            5220134.65
          ],
          [
            629610.75,
            5220134.15
          ],
          [
            629611.25,
            5220133.15
          ],
          [
            629611.75,
            5220132.65
          ],
          [
            629612.25,
            5220132.15
          ],
          [
            629612.75,
            5220131.15
          ],
          [
            629613.25,
            5220130.65
          ],
          [
            629613.75,
            5220130.15
          ],
          [
            629614.25,
            5220129.15
          ],
          [
            629614.75,
            5220128.65
          ],
          [
            629615.25,
            5220128.15
          ],
          [
            629615.75,
            5220127.65
          ],
          [
            629616.25,
            5220126.65
          ],
          [
            629616.75,
            5220126.15
          ],
          [
            629617.25,
            5220125.65
          ],
          [
            629617.75,
            5220124.65
          ],
          [
            629619.25,
            5220122.65
          ],
          [
            629619.75,
            5220122.15
          ],
          [
            629620.25,
            5220121.65
          ],
          [
            629620.75,
            5220121.15
          ],
          [
            629621.25,
            5220120.15
          ],
          [
            629620.75,
            5220121.15
          ],
          [
            629620.25,
            5220121.65
          ],
          [
            629619.75,
            5220122.15
          ],
          [
            629619.25,
            5220122.65
          ],
          [
            629618.75,
            5220123.65
          ],
          [
            629617.75,
            5220124.65
          ],
          [
            629617.25,
            5220125.65
          ],
          [
            629615.75,
            5220127.65
          ],
          [
            629615.25,
            5220128.15
          ],
          [
            629614.75,
            5220128.65
          ],
          [
            629614.25,
            5220129.15
          ],
          [
            629613.75,
            5220129.65
          ],
          [
            629613.25,
            5220130.65
          ],
          [
            629612.75,
            5220131.15
          ],
          [
            629612.25,
            5220131.65
          ],
          [
            629611.75,
            5220132.65
          ],
          [
            629611.25,
            5220133.15
          ],
          [
            629610.75,
            5220133.65
          ],
          [
            629610.25,
            5220134.65
          ],
          [
            629609.75,
            5220135.15
          ],
          [
            629608.75,
            5220136.15
          ],
          [
            629608.25,
            5220137.15
          ],
          [
            629607.75,
            5220137.65
          ],
          [
            629607.25,
            5220138.15
          ],
          [
            629606.75,
            5220139.15
          ],
          [
            629606.25,
            5220139.65
          ],
          [
            629605.75,
            5220140.15
          ],
          [
            629605.25,
            5220141.15
          ],
          [
            629604.75,
            5220141.65
          ],
          [
            629604.25,
            5220142.15
          ],
          [
            629603.75,
            5220143.15
          ],
          [
            629603.25,
            5220143.65
          ],
          [
            629602.75,
            5220144.15
          ],
          [
            629602.25,
            5220144.65
          ],
          [
            629601.75,
            5220145.65
          ],
          [
            629601.25,
            5220146.15
          ],
          [
            629600.75,
            5220146.65
          ],
          [
            629600.25,
            5220147.65
          ],
          [
            629599.75,
            5220148.15
          ],
          [
            629599.25,
            5220148.65
          ],
          [
            629598.75,
            5220149.65
          ],
          [
            629598.25,
            5220150.15
          ],
          [
            629597.75,
            5220150.65
          ],
          [
            629597.25,
            5220151.15
          ],
          [
            629596.75,
            5220152.15
          ],
          [
            629596.25,
            5220152.65
          ],
          [
            629595.75,
            5220153.15
          ],
          [
            629595.25,
            5220154.15
          ],
          [
            629594.75,
            5220154.65
          ],
          [
            629594.25,
            5220155.15
          ],
          [
            629593.75,
            5220156.15
          ],
          [
            629593.25,
            5220156.65
          ],
          [
            629592.25,
            5220157.65
          ],
          [
            629591.75,
            5220158.65
          ],
          [
            629591.25,
            5220159.15
          ],
          [
            629590.75,
            5220159.65
          ],
          [
            629590.25,
            5220160.65
          ],
          [
            629589.75,
            5220161.15
          ],
          [
            629589.25,
            5220161.65
          ],
          [
            629588.75,
            5220162.65
          ],
          [
            629588.25,
            5220163.15
          ],
          [
            629587.75,
            5220163.65
          ],
          [
            629587.25,
            5220164.65
          ],
          [
            629586.75,
            5220165.15
          ],
          [
            629586.25,
            5220165.65
          ],
          [
            629585.75,
            5220166.15
          ],
          [
            629583.75,
            5220169.15
          ],
          [
            629582.75,
            5220169.65
          ],
          [
            629582.25,
            5220170.65
          ],
          [
            629576.75,
            5220170.65
          ],
          [
            629567.75,
            5220167.65
          ],
          [
            629567.25,
            5220167.65
          ],
          [
            629566.75,
            5220168.15
          ],
          [
            629563.25,
            5220173.15
          ],
          [
            629561.75,
            5220174.65
          ],
          [
            629557.25,
            5220180.65
          ],
          [
            629555.75,
            5220183.15
          ],
          [
            629554.25,
            5220184.15
          ],
          [
            629553.75,
            5220185.65
          ],
          [
            629552.25,
            5220187.15
          ],
          [
            629547.25,
            5220194.15
          ],
          [
            629545.75,
            5220195.65
          ],
          [
            629539.25,
            5220204.65
          ],
          [
            629537.75,
            5220206.15
          ],
          [
            629530.25,
            5220216.15
          ],
          [
            629529.75,
            5220217.15
          ],
          [
            629531.25,
            5220218.65
          ],
          [
            629531.25,
            5220219.65
          ],
          [
            629529.25,
            5220222.15
          ],
          [
            629527.75,
            5220224.65
          ],
          [
            629524.25,
            5220228.65
          ],
          [
            629517.75,
            5220237.65
          ],
          [
            629516.25,
            5220239.15
          ],
          [
            629511.75,
            5220245.15
          ],
          [
            629509.25,
            5220249.15
          ],
          [
            629506.75,
            5220248.15
          ],
          [
            629501.75,
            5220243.15
          ],
          [
            629500.75,
            5220242.65
          ],
          [
            629496.25,
            5220238.15
          ],
          [
            629495.75,
            5220237.15
          ],
          [
            629494.25,
            5220236.65
          ],
          [
            629492.25,
            5220237.65
          ],
          [
            629479.75,
            5220247.15
          ],
          [
            629477.25,
            5220248.65
          ],
          [
            629472.25,
            5220252.65
          ],
          [
            629469.75,
            5220254.15
          ],
          [
            629462.75,
            5220259.65
          ],
          [
            629460.25,
            5220261.15
          ],
          [
            629453.25,
            5220266.65
          ],
          [
            629450.75,
            5220268.15
          ],
          [
            629445.75,
            5220272.15
          ],
          [
            629443.25,
            5220273.65
          ],
          [
            629438.25,
            5220277.65
          ],
          [
            629432.25,
            5220281.15
          ],
          [
            629406.75,
            5220294.65
          ],
          [
            629392.75,
            5220305.15
          ],
          [
            629390.25,
            5220306.65
          ],
          [
            629381.25,
            5220313.65
          ],
          [
            629378.75,
            5220315.15
          ],
          [
            629369.75,
            5220322.15
          ],
          [
            629367.25,
            5220323.65
          ],
          [
            629358.25,
            5220330.65
          ],
          [
            629346.75,
            5220338.15
          ],
          [
            629337.75,
            5220342.65
          ],
          [
            629334.25,
            5220346.15
          ],
          [
            629305.25,
            5220364.65
          ],
          [
            629304.25,
            5220365.65
          ],
          [
            629298.75,
            5220369.15
          ],
          [
            629297.75,
            5220370.15
          ],
          [
            629293.75,
            5220372.65
          ],
          [
            629292.75,
            5220373.65
          ],
          [
            629288.75,
            5220376.15
          ],
          [
            629287.75,
            5220377.15
          ],
          [
            629283.75,
            5220379.65
          ],
          [
            629282.75,
            5220380.65
          ],
          [
            629278.75,
            5220383.15
          ],
          [
            629272.75,
            5220387.65
          ],
          [
            629257.25,
            5220398.15
          ],
          [
            629256.75,
            5220399.15
          ],
          [
            629256.75,
            5220400.15
          ],
          [
            629255.75,
            5220403.15
          ],
          [
            629255.75,
            5220404.65
          ],
          [
            629255.25,
            5220405.65
          ],
          [
            629255.25,
            5220407.15
          ],
          [
            629254.25,
            5220410.15
          ],
          [
            629254.25,
            5220411.65
          ],
          [
            629253.75,
            5220412.65
          ],
          [
            629253.75,
            5220414.15
          ],
          [
            629253.25,
            5220415.15
          ],
          [
            629253.25,
            5220416.65
          ],
          [
            629252.75,
            5220417.65
          ],
          [
            629252.75,
            5220419.15
          ],
          [
            629252.25,
            5220420.15
          ],
          [
            629252.25,
            5220421.65
          ],
          [
            629251.75,
            5220422.65
          ],
          [
            629251.75,
            5220424.15
          ],
          [
            629251.25,
            5220425.15
          ],
          [
            629250.75,
            5220429.15
          ],
          [
            629249.75,
            5220432.15
          ],
          [
            629249.75,
            5220433.65
          ],
          [
            629249.25,
            5220434.65
          ],
          [
            629249.25,
            5220436.15
          ],
          [
            629248.75,
            5220437.15
          ],
          [
            629248.75,
            5220438.65
          ],
          [
            629248.25,
            5220439.65
          ],
          [
            629248.25,
            5220441.15
          ],
          [
            629247.75,
            5220442.15
          ],
          [
            629247.75,
            5220443.65
          ],
          [
            629247.25,
            5220444.65
          ],
          [
            629247.25,
            5220445.65
          ],
          [
            629239.75,
            5220461.65
          ],
          [
            629238.75,
            5220462.15
          ],
          [
            629235.75,
            5220462.15
          ],
          [
            629210.75,
            5220475.65
          ],
          [
            629210.25,
            5220476.15
          ],
          [
            629209.25,
            5220476.65
          ],
          [
            629208.25,
            5220477.15
          ],
          [
            629207.25,
            5220477.65
          ],
          [
            629206.25,
            5220478.15
          ],
          [
            629205.25,
            5220478.65
          ],
          [
            629204.25,
            5220479.15
          ],
          [
            629205.25,
            5220478.65
          ],
          [
            629206.25,
            5220478.15
          ],
          [
            629207.25,
            5220477.65
          ],
          [
            629208.25,
            5220477.15
          ],
          [
            629209.25,
            5220476.65
          ],
          [
            629209.75,
            5220476.15
          ],
          [
            629210.75,
            5220475.65
          ],
          [
            629213.75,
            5220474.15
          ],
          [
            629214.25,
            5220474.15
          ],
          [
            629215.25,
            5220475.65
          ],
          [
            629215.75,
            5220475.65
          ],
          [
            629216.25,
            5220477.65
          ],
          [
            629215.75,
            5220478.15
          ],
          [
            629211.25,
            5220480.65
          ],
          [
            629210.25,
            5220481.15
          ],
          [
            629209.25,
            5220481.65
          ],
          [
            629208.25,
            5220482.15
          ],
          [
            629207.25,
            5220482.65
          ],
          [
            629206.25,
            5220483.15
          ],
          [
            629211.75,
            5220480.15
          ],
          [
            629212.75,
            5220479.65
          ],
          [
            629213.75,
            5220479.15
          ],
          [
            629214.75,
            5220478.65
          ],
          [
            629215.75,
            5220478.15
          ],
          [
            629219.75,
            5220476.15
          ],
          [
            629223.75,
            5220473.65
          ],
          [
            629235.25,
            5220467.65
          ],
          [
            629236.75,
            5220467.65
          ],
          [
            629238.75,
            5220468.65
          ],
          [
            629238.75,
            5220471.15
          ],
          [
            629238.25,
            5220472.15
          ],
          [
            629236.25,
            5220472.15
          ],
          [
            629235.25,
            5220472.65
          ],
          [
            629234.75,
            5220473.15
          ],
          [
            629233.75,
            5220473.65
          ],
          [
            629232.75,
            5220474.15
          ],
          [
            629231.75,
            5220474.65
          ],
          [
            629230.75,
            5220475.15
          ],
          [
            629229.75,
            5220475.65
          ],
          [
            629228.75,
            5220476.15
          ],
          [
            629228.25,
            5220476.65
          ],
          [
            629217.25,
            5220482.65
          ],
          [
            629216.25,
            5220483.15
          ],
          [
            629215.25,
            5220483.65
          ],
          [
            629214.25,
            5220484.15
          ],
          [
            629213.25,
            5220484.65
          ],
          [
            629212.25,
            5220485.15
          ],
          [
            629211.25,
            5220485.65
          ],
          [
            629210.75,
            5220486.15
          ],
          [
            629209.75,
            5220486.65
          ],
          [
            629208.75,
            5220487.15
          ],
          [
            629207.75,
            5220487.65
          ],
          [
            629206.75,
            5220488.15
          ],
          [
            629205.75,
            5220488.65
          ],
          [
            629204.75,
            5220489.15
          ],
          [
            629203.75,
            5220489.65
          ],
          [
            629202.75,
            5220490.15
          ],
          [
            629208.25,
            5220487.15
          ],
          [
            629209.25,
            5220486.65
          ],
          [
            629210.25,
            5220486.15
          ],
          [
            629211.25,
            5220485.65
          ],
          [
            629212.25,
            5220485.15
          ],
          [
            629210.75,
            5220486.15
          ],
          [
            629209.75,
            5220486.65
          ],
          [
            629208.75,
            5220487.15
          ],
          [
            629207.75,
            5220487.65
          ],
          [
            629206.75,
            5220488.15
          ],
          [
            629205.75,
            5220488.65
          ],
          [
            629201.25,
            5220491.15
          ],
          [
            629210.75,
            5220486.15
          ],
          [
            629211.25,
            5220485.65
          ],
          [
            629214.75,
            5220483.65
          ],
          [
            629225.75,
            5220477.65
          ],
          [
            629226.75,
            5220477.15
          ],
          [
            629227.75,
            5220476.65
          ],
          [
            629228.75,
            5220476.15
          ],
          [
            629229.75,
            5220475.65
          ],
          [
            629230.75,
            5220475.15
          ],
          [
            629231.75,
            5220474.65
          ],
          [
            629232.25,
            5220474.15
          ],
          [
            629233.25,
            5220473.65
          ],
          [
            629234.25,
            5220473.15
          ],
          [
            629235.25,
            5220472.65
          ],
          [
            629236.25,
            5220472.15
          ],
          [
            629238.25,
            5220473.15
          ],
          [
            629238.25,
            5220476.65
          ],
          [
            629237.25,
            5220478.15
          ],
          [
            629236.75,
            5220478.15
          ],
          [
            629236.25,
            5220478.15
          ],
          [
            629235.75,
            5220478.15
          ],
          [
            629234.75,
            5220478.65
          ],
          [
            629233.75,
            5220479.15
          ],
          [
            629232.75,
            5220479.65
          ],
          [
            629231.75,
            5220480.15
          ],
          [
            629230.75,
            5220480.65
          ],
          [
            629230.25,
            5220481.15
          ],
          [
            629229.25,
            5220481.65
          ],
          [
            629228.25,
            5220482.15
          ],
          [
            629227.25,
            5220482.65
          ],
          [
            629226.25,
            5220483.15
          ],
          [
            629225.25,
            5220483.65
          ],
          [
            629224.25,
            5220484.15
          ],
          [
            629223.75,
            5220484.65
          ],
          [
            629222.75,
            5220485.15
          ],
          [
            629221.75,
            5220485.65
          ],
          [
            629220.75,
            5220486.15
          ],
          [
            629219.75,
            5220486.65
          ],
          [
            629218.75,
            5220487.15
          ],
          [
            629217.75,
            5220487.65
          ],
          [
            629216.75,
            5220488.15
          ],
          [
            629216.25,
            5220488.65
          ],
          [
            629215.25,
            5220489.15
          ],
          [
            629214.25,
            5220489.65
          ],
          [
            629213.25,
            5220490.15
          ],
          [
            629212.25,
            5220490.65
          ],
          [
            629211.25,
            5220491.15
          ],
          [
            629216.75,
            5220488.15
          ],
          [
            629216.25,
            5220488.65
          ],
          [
            629215.25,
            5220489.15
          ],
          [
            629214.25,
            5220489.65
          ],
          [
            629213.25,
            5220490.15
          ],
          [
            629210.75,
            5220491.65
          ],
          [
            629216.25,
            5220488.65
          ],
          [
            629216.75,
            5220488.15
          ],
          [
            629217.75,
            5220487.65
          ],
          [
            629218.75,
            5220487.15
          ],
          [
            629219.75,
            5220486.65
          ],
          [
            629220.75,
            5220486.15
          ],
          [
            629221.75,
            5220485.65
          ],
          [
            629222.25,
            5220485.15
          ],
          [
            629223.25,
            5220484.65
          ],
          [
            629224.25,
            5220484.15
          ],
          [
            629225.25,
            5220483.65
          ],
          [
            629226.25,
            5220483.15
          ],
          [
            629227.25,
            5220482.65
          ],
          [
            629227.75,
            5220482.15
          ],
          [
            629228.75,
            5220481.65
          ],
          [
            629229.75,
            5220481.15
          ],
          [
            629230.75,
            5220480.65
          ],
          [
            629231.75,
            5220480.15
          ],
          [
            629232.75,
            5220479.65
          ],
          [
            629233.75,
            5220479.15
          ],
          [
            629234.75,
            5220478.65
          ],
          [
            629235.75,
            5220478.15
          ],
          [
            629236.25,
            5220478.15
          ],
          [
            629236.75,
            5220478.15
          ],
          [
            629237.25,
            5220478.15
          ],
          [
            629237.75,
            5220478.65
          ],
          [
            629237.75,
            5220483.65
          ],
          [
            629237.25,
            5220484.65
          ],
          [
            629236.75,
            5220485.15
          ],
          [
            629235.25,
            5220485.65
          ],
          [
            629234.25,
            5220486.15
          ],
          [
            629233.25,
            5220486.65
          ],
          [
            629232.25,
            5220487.15
          ],
          [
            629231.25,
            5220487.65
          ],
          [
            629230.75,
            5220488.15
          ],
          [
            629225.25,
            5220491.15
          ],
          [
            629224.25,
            5220491.65
          ],
          [
            629223.25,
            5220492.15
          ],
          [
            629222.25,
            5220492.65
          ],
          [
            629221.25,
            5220493.15
          ],
          [
            629220.25,
            5220493.65
          ],
          [
            629219.25,
            5220494.15
          ],
          [
            629218.75,
            5220494.65
          ],
          [
            629207.75,
            5220500.65
          ],
          [
            629206.75,
            5220501.15
          ],
          [
            629205.75,
            5220501.65
          ],
          [
            629204.75,
            5220502.15
          ],
          [
            629203.75,
            5220502.65
          ],
          [
            629202.75,
            5220503.15
          ],
          [
            629201.75,
            5220503.65
          ],
          [
            629201.25,
            5220504.15
          ],
          [
            629197.75,
            5220505.65
          ],
          [
            629197.75,
            5220506.15
          ],
          [
            629197.25,
            5220506.15
          ],
          [
            629195.75,
            5220507.15
          ],
          [
            629194.75,
            5220507.65
          ],
          [
            629193.75,
            5220508.15
          ],
          [
            629192.75,
            5220508.65
          ],
          [
            629191.75,
            5220509.15
          ],
          [
            629190.75,
            5220507.65
          ],
          [
            629189.75,
            5220508.15
          ],
          [
            629188.75,
            5220508.65
          ],
          [
            629187.75,
            5220509.15
          ],
          [
            629186.75,
            5220509.65
          ],
          [
            629185.75,
            5220510.15
          ],
          [
            629184.75,
            5220510.65
          ],
          [
            629183.75,
            5220511.15
          ],
          [
            629182.75,
            5220511.65
          ],
          [
            629181.75,
            5220512.15
          ],
          [
            629178.25,
            5220514.15
          ],
          [
            629190.75,
            5220507.65
          ],
          [
            629191.75,
            5220509.15
          ],
          [
            629194.25,
            5220507.65
          ],
          [
            629195.25,
            5220507.15
          ],
          [
            629196.25,
            5220506.65
          ],
          [
            629197.25,
            5220506.15
          ],
          [
            629198.25,
            5220505.65
          ],
          [
            629201.25,
            5220504.15
          ],
          [
            629206.75,
            5220501.15
          ],
          [
            629207.25,
            5220500.65
          ],
          [
            629212.25,
            5220498.15
          ],
          [
            629212.75,
            5220497.65
          ],
          [
            629217.75,
            5220495.15
          ],
          [
            629218.25,
            5220494.65
          ],
          [
            629222.75,
            5220492.15
          ],
          [
            629228.75,
            5220489.15
          ],
          [
            629229.25,
            5220488.65
          ],
          [
            629230.25,
            5220488.15
          ],
          [
            629231.25,
            5220487.65
          ],
          [
            629232.25,
            5220487.15
          ],
          [
            629233.25,
            5220486.65
          ],
          [
            629234.25,
            5220486.15
          ],
          [
            629235.25,
            5220485.65
          ],
          [
            629235.75,
            5220485.65
          ],
          [
            629236.75,
            5220486.15
          ],
          [
            629236.75,
            5220493.65
          ],
          [
            629234.75,
            5220497.65
          ],
          [
            629233.75,
            5220498.65
          ],
          [
            629232.25,
            5220498.65
          ],
          [
            629230.75,
            5220499.15
          ],
          [
            629226.75,
            5220501.15
          ],
          [
            629220.75,
            5220504.65
          ],
          [
            629214.75,
            5220507.65
          ],
          [
            629203.25,
            5220514.15
          ],
          [
            629197.25,
            5220517.15
          ],
          [
            629164.25,
            5220535.15
          ],
          [
            629164.25,
            5220535.65
          ],
          [
            629165.25,
            5220537.15
          ],
          [
            629165.75,
            5220537.15
          ],
          [
            629166.75,
            5220538.65
          ],
          [
            629166.75,
            5220539.15
          ],
          [
            629161.25,
            5220542.15
          ],
          [
            629166.25,
            5220539.15
          ],
          [
            629167.25,
            5220538.65
          ],
          [
            629171.25,
            5220536.65
          ],
          [
            629177.25,
            5220533.15
          ],
          [
            629183.25,
            5220530.15
          ],
          [
            629194.75,
            5220523.65
          ],
          [
            629200.75,
            5220520.65
          ],
          [
            629212.25,
            5220514.15
          ],
          [
            629218.25,
            5220511.15
          ],
          [
            629224.25,
            5220507.65
          ],
          [
            629231.25,
            5220504.15
          ],
          [
            629232.75,
            5220504.65
          ],
          [
            629233.25,
            5220505.15
          ],
          [
            629233.25,
            5220512.65
          ],
          [
            629232.75,
            5220513.65
          ],
          [
            629232.75,
            5220515.15
          ],
          [
            629231.75,
            5220518.15
          ],
          [
            629231.75,
            5220519.65
          ],
          [
            629231.25,
            5220520.65
          ],
          [
            629231.25,
            5220522.15
          ],
          [
            629230.75,
            5220523.15
          ],
          [
            629230.75,
            5220524.65
          ],
          [
            629230.25,
            5220525.65
          ],
          [
            629230.25,
            5220526.65
          ],
          [
            629228.25,
            5220531.15
          ],
          [
            629228.25,
            5220536.15
          ],
          [
            629227.75,
            5220537.15
          ],
          [
            629227.75,
            5220538.65
          ],
          [
            629227.25,
            5220539.65
          ],
          [
            629227.25,
            5220543.65
          ],
          [
            629225.75,
            5220546.65
          ],
          [
            629225.75,
            5220547.65
          ],
          [
            629225.25,
            5220548.65
          ],
          [
            629225.25,
            5220549.65
          ],
          [
            629224.75,
            5220550.65
          ],
          [
            629224.75,
            5220551.65
          ],
          [
            629224.25,
            5220552.65
          ],
          [
            629224.25,
            5220553.65
          ],
          [
            629223.75,
            5220554.65
          ],
          [
            629223.75,
            5220555.65
          ],
          [
            629223.25,
            5220556.65
          ],
          [
            629223.25,
            5220557.65
          ],
          [
            629222.75,
            5220558.65
          ],
          [
            629222.75,
            5220559.65
          ],
          [
            629222.25,
            5220560.65
          ],
          [
            629222.25,
            5220561.65
          ],
          [
            629220.75,
            5220566.65
          ],
          [
            629220.75,
            5220568.15
          ],
          [
            629220.25,
            5220569.15
          ],
          [
            629220.25,
            5220570.15
          ],
          [
            629219.75,
            5220571.15
          ],
          [
            629219.75,
            5220572.15
          ],
          [
            629219.25,
            5220573.15
          ],
          [
            629219.25,
            5220574.15
          ],
          [
            629218.75,
            5220575.15
          ],
          [
            629218.75,
            5220576.15
          ],
          [
            629218.25,
            5220577.15
          ],
          [
            629218.25,
            5220578.15
          ],
          [
            629217.75,
            5220579.15
          ],
          [
            629217.75,
            5220580.15
          ],
          [
            629217.25,
            5220581.15
          ],
          [
            629217.25,
            5220582.15
          ],
          [
            629216.75,
            5220583.15
          ],
          [
            629216.75,
            5220584.15
          ],
          [
            629216.25,
            5220585.15
          ],
          [
            629216.25,
            5220586.15
          ],
          [
            629215.75,
            5220587.15
          ],
          [
            629215.75,
            5220588.15
          ],
          [
            629215.25,
            5220589.15
          ],
          [
            629215.25,
            5220590.15
          ],
          [
            629214.75,
            5220591.15
          ],
          [
            629214.75,
            5220592.15
          ],
          [
            629213.25,
            5220597.15
          ],
          [
            629213.25,
            5220598.65
          ],
          [
            629212.75,
            5220599.65
          ],
          [
            629212.75,
            5220600.65
          ],
          [
            629212.25,
            5220601.65
          ],
          [
            629212.25,
            5220602.65
          ],
          [
            629211.75,
            5220603.65
          ],
          [
            629211.75,
            5220604.65
          ],
          [
            629211.25,
            5220605.65
          ],
          [
            629211.25,
            5220606.65
          ],
          [
            629210.75,
            5220607.65
          ],
          [
            629210.75,
            5220608.65
          ],
          [
            629210.25,
            5220609.65
          ],
          [
            629210.25,
            5220610.65
          ],
          [
            629209.75,
            5220611.65
          ],
          [
            629209.75,
            5220612.65
          ],
          [
            629209.25,
            5220613.65
          ],
          [
            629209.25,
            5220614.65
          ],
          [
            629208.75,
            5220615.65
          ],
          [
            629208.75,
            5220616.65
          ],
          [
            629208.25,
            5220617.65
          ],
          [
            629208.25,
            5220618.65
          ],
          [
            629207.75,
            5220619.65
          ],
          [
            629207.75,
            5220620.65
          ],
          [
            629207.25,
            5220621.65
          ],
          [
            629207.25,
            5220622.65
          ],
          [
            629205.75,
            5220627.65
          ],
          [
            629205.75,
            5220629.15
          ],
          [
            629205.25,
            5220630.15
          ],
          [
            629205.25,
            5220631.15
          ],
          [
            629204.75,
            5220632.15
          ],
          [
            629204.75,
            5220633.15
          ],
          [
            629204.25,
            5220634.15
          ],
          [
            629204.25,
            5220635.15
          ],
          [
            629203.75,
            5220636.15
          ],
          [
            629203.75,
            5220637.15
          ],
          [
            629203.25,
            5220638.15
          ],
          [
            629203.25,
            5220639.15
          ],
          [
            629202.75,
            5220640.15
          ],
          [
            629202.75,
            5220641.15
          ],
          [
            629202.25,
            5220642.15
          ],
          [
            629202.25,
            5220643.15
          ],
          [
            629201.75,
            5220644.15
          ],
          [
            629201.75,
            5220645.15
          ],
          [
            629200.25,
            5220650.15
          ],
          [
            629200.25,
            5220652.15
          ],
          [
            629199.75,
            5220653.15
          ],
          [
            629199.25,
            5220658.15
          ],
          [
            629198.75,
            5220659.15
          ],
          [
            629198.75,
            5220660.65
          ],
          [
            629198.25,
            5220661.65
          ],
          [
            629198.25,
            5220663.65
          ],
          [
            629197.75,
            5220664.65
          ],
          [
            629197.75,
            5220666.65
          ],
          [
            629197.25,
            5220667.65
          ],
          [
            629197.25,
            5220669.65
          ],
          [
            629196.75,
            5220670.65
          ],
          [
            629196.75,
            5220672.65
          ],
          [
            629196.25,
            5220673.65
          ],
          [
            629196.25,
            5220675.65
          ],
          [
            629195.75,
            5220676.65
          ],
          [
            629195.25,
            5220681.65
          ],
          [
            629194.75,
            5220682.65
          ],
          [
            629194.75,
            5220684.15
          ],
          [
            629194.25,
            5220685.15
          ],
          [
            629194.25,
            5220687.15
          ],
          [
            629193.75,
            5220688.15
          ],
          [
            629193.75,
            5220690.15
          ],
          [
            629193.25,
            5220691.15
          ],
          [
            629193.25,
            5220693.65
          ],
          [
            629190.25,
            5220699.65
          ],
          [
            629188.75,
            5220701.15
          ],
          [
            629186.75,
            5220702.15
          ],
          [
            629183.25,
            5220702.15
          ],
          [
            629166.75,
            5220694.15
          ],
          [
            629154.25,
            5220687.15
          ],
          [
            629115.25,
            5220667.65
          ],
          [
            629114.25,
            5220669.15
          ],
          [
            629113.25,
            5220670.15
          ],
          [
            629106.25,
            5220680.65
          ],
          [
            629105.25,
            5220682.65
          ],
          [
            629103.75,
            5220684.65
          ],
          [
            629103.25,
            5220685.65
          ],
          [
            629102.75,
            5220686.65
          ],
          [
            629102.25,
            5220687.65
          ],
          [
            629100.75,
            5220690.15
          ],
          [
            629101.75,
            5220688.15
          ],
          [
            629102.25,
            5220687.65
          ],
          [
            629113.75,
            5220670.15
          ],
          [
            629114.25,
            5220669.15
          ],
          [
            629114.75,
            5220668.15
          ],
          [
            629114.75,
            5220667.15
          ],
          [
            629113.75,
            5220666.15
          ],
          [
            629104.75,
            5220661.65
          ],
          [
            629094.25,
            5220658.15
          ],
          [
            629082.25,
            5220652.15
          ],
          [
            629076.25,
            5220647.65
          ],
          [
            629075.25,
            5220647.15
          ],
          [
            629074.25,
            5220646.65
          ],
          [
            629073.25,
            5220646.15
          ],
          [
            629072.25,
            5220645.65
          ],
          [
            629071.25,
            5220645.15
          ],
          [
            629070.25,
            5220644.65
          ],
          [
            629069.25,
            5220644.15
          ],
          [
            629068.75,
            5220645.15
          ],
          [
            629067.75,
            5220645.65
          ],
          [
            629067.25,
            5220646.15
          ],
          [
            629062.25,
            5220653.65
          ],
          [
            629061.25,
            5220655.65
          ],
          [
            629060.75,
            5220656.15
          ],
          [
            629060.25,
            5220657.15
          ],
          [
            629059.75,
            5220657.65
          ],
          [
            629059.25,
            5220658.65
          ],
          [
            629058.25,
            5220660.15
          ],
          [
            629058.75,
            5220659.15
          ],
          [
            629059.25,
            5220658.65
          ],
          [
            629059.75,
            5220657.65
          ],
          [
            629060.75,
            5220656.15
          ],
          [
            629061.25,
            5220655.65
          ],
          [
            629061.75,
            5220655.15
          ],
          [
            629062.75,
            5220653.15
          ],
          [
            629067.75,
            5220645.65
          ],
          [
            629068.75,
            5220645.15
          ],
          [
            629069.25,
            5220644.15
          ],
          [
            629073.25,
            5220647.15
          ],
          [
            629072.25,
            5220650.15
          ],
          [
            629046.75,
            5220688.65
          ],
          [
            629045.75,
            5220690.65
          ],
          [
            629044.25,
            5220692.65
          ],
          [
            629043.75,
            5220694.15
          ],
          [
            629042.75,
            5220694.65
          ],
          [
            629041.75,
            5220696.65
          ],
          [
            629031.75,
            5220711.65
          ],
          [
            629030.75,
            5220713.65
          ],
          [
            629029.75,
            5220714.65
          ],
          [
            629028.75,
            5220716.65
          ],
          [
            629020.25,
            5220729.15
          ],
          [
            629017.25,
            5220734.65
          ],
          [
            629017.25,
            5220735.65
          ],
          [
            629018.25,
            5220736.65
          ],
          [
            629020.25,
            5220737.65
          ],
          [
            629026.25,
            5220743.65
          ],
          [
            629038.25,
            5220752.65
          ],
          [
            629040.75,
            5220754.15
          ],
          [
            629073.25,
            5220778.65
          ],
          [
            629097.75,
            5220792.65
          ],
          [
            629099.75,
            5220794.65
          ],
          [
            629103.75,
            5220796.65
          ],
          [
            629106.25,
            5220796.15
          ],
          [
            629107.25,
            5220795.15
          ],
          [
            629133.25,
            5220755.15
          ],
          [
            629134.75,
            5220754.15
          ],
          [
            629136.25,
            5220754.15
          ],
          [
            629137.25,
            5220754.65
          ],
          [
            629140.75,
            5220745.15
          ],
          [
            629140.25,
            5220744.65
          ],
          [
            629140.25,
            5220744.15
          ],
          [
            629140.75,
            5220744.15
          ],
          [
            629141.25,
            5220743.65
          ],
          [
            629141.75,
            5220742.15
          ],
          [
            629141.75,
            5220742.65
          ],
          [
            629141.25,
            5220743.65
          ],
          [
            629140.75,
            5220744.15
          ],
          [
            629140.25,
            5220744.15
          ],
          [
            629140.25,
            5220744.65
          ],
          [
            629140.75,
            5220745.15
          ],
          [
            629140.75,
            5220749.65
          ],
          [
            629139.75,
            5220751.65
          ],
          [
            629135.25,
            5220764.65
          ],
          [
            629134.25,
            5220766.65
          ],
          [
            629133.25,
            5220770.15
          ],
          [
            629132.25,
            5220772.15
          ],
          [
            629125.25,
            5220793.15
          ],
          [
            629124.25,
            5220795.15
          ],
          [
            629123.75,
            5220797.15
          ],
          [
            629121.25,
            5220802.15
          ],
          [
            629121.25,
            5220804.65
          ],
          [
            629119.25,
            5220809.65
          ],
          [
            629119.25,
            5220811.15
          ],
          [
            629119.75,
            5220812.15
          ],
          [
            629124.25,
            5220816.65
          ],
          [
            629134.25,
            5220821.65
          ],
          [
            629134.75,
            5220822.65
          ],
          [
            629134.25,
            5220823.65
          ],
          [
            629133.75,
            5220824.65
          ],
          [
            629133.25,
            5220825.65
          ],
          [
            629132.75,
            5220826.65
          ],
          [
            629132.75,
            5220827.15
          ],
          [
            629132.25,
            5220828.15
          ],
          [
            629131.75,
            5220829.15
          ],
          [
            629131.25,
            5220830.15
          ],
          [
            629129.75,
            5220833.65
          ],
          [
            629129.75,
            5220834.15
          ],
          [
            629128.75,
            5220836.65
          ],
          [
            629128.25,
            5220837.65
          ],
          [
            629127.75,
            5220838.65
          ],
          [
            629127.25,
            5220839.65
          ],
          [
            629127.25,
            5220840.15
          ],
          [
            629126.25,
            5220842.65
          ],
          [
            629125.75,
            5220843.65
          ],
          [
            629125.25,
            5220844.65
          ],
          [
            629124.75,
            5220845.65
          ],
          [
            629124.75,
            5220846.15
          ],
          [
            629124.25,
            5220847.15
          ],
          [
            629123.75,
            5220848.15
          ],
          [
            629123.25,
            5220849.15
          ],
          [
            629122.75,
            5220850.65
          ],
          [
            629124.75,
            5220846.15
          ],
          [
            629124.75,
            5220845.65
          ],
          [
            629125.75,
            5220843.15
          ],
          [
            629127.25,
            5220840.15
          ],
          [
            629127.25,
            5220839.65
          ],
          [
            629128.25,
            5220837.15
          ],
          [
            629129.75,
            5220834.15
          ],
          [
            629131.25,
            5220830.65
          ],
          [
            629131.25,
            5220830.15
          ],
          [
            629132.25,
            5220827.65
          ],
          [
            629132.75,
            5220826.65
          ],
          [
            629133.25,
            5220825.65
          ],
          [
            629133.75,
            5220824.65
          ],
          [
            629134.25,
            5220823.65
          ],
          [
            629134.75,
            5220822.65
          ],
          [
            629135.25,
            5220822.15
          ],
          [
            629135.75,
            5220822.15
          ],
          [
            629136.25,
            5220822.15
          ],
          [
            629136.75,
            5220822.15
          ],
          [
            629140.25,
            5220822.15
          ],
          [
            629148.25,
            5220825.15
          ],
          [
            629148.75,
            5220825.15
          ],
          [
            629150.75,
            5220823.65
          ],
          [
            629150.75,
            5220823.15
          ],
          [
            629151.25,
            5220821.65
          ],
          [
            629152.25,
            5220819.15
          ],
          [
            629152.75,
            5220818.15
          ],
          [
            629153.25,
            5220817.15
          ],
          [
            629153.75,
            5220816.15
          ],
          [
            629153.75,
            5220815.65
          ],
          [
            629154.25,
            5220814.65
          ],
          [
            629154.75,
            5220813.65
          ],
          [
            629154.75,
            5220813.15
          ],
          [
            629155.25,
            5220812.15
          ],
          [
            629155.75,
            5220811.15
          ],
          [
            629155.75,
            5220810.65
          ],
          [
            629156.25,
            5220809.65
          ],
          [
            629156.75,
            5220808.65
          ],
          [
            629156.75,
            5220808.15
          ],
          [
            629157.75,
            5220805.65
          ],
          [
            629158.25,
            5220804.65
          ],
          [
            629158.75,
            5220803.65
          ],
          [
            629159.25,
            5220802.65
          ],
          [
            629159.25,
            5220802.15
          ],
          [
            629159.75,
            5220801.15
          ],
          [
            629160.25,
            5220800.15
          ],
          [
            629160.25,
            5220799.65
          ],
          [
            629160.75,
            5220798.65
          ],
          [
            629161.25,
            5220797.65
          ],
          [
            629161.75,
            5220796.15
          ],
          [
            629160.25,
            5220799.65
          ],
          [
            629160.25,
            5220800.15
          ],
          [
            629159.75,
            5220801.15
          ],
          [
            629159.25,
            5220802.15
          ],
          [
            629159.25,
            5220802.65
          ],
          [
            629158.75,
            5220803.65
          ],
          [
            629158.25,
            5220804.65
          ],
          [
            629158.25,
            5220805.15
          ],
          [
            629156.75,
            5220808.15
          ],
          [
            629156.75,
            5220808.65
          ],
          [
            629156.25,
            5220809.65
          ],
          [
            629155.75,
            5220810.65
          ],
          [
            629155.75,
            5220811.15
          ],
          [
            629155.25,
            5220812.15
          ],
          [
            629154.75,
            5220813.15
          ],
          [
            629154.75,
            5220813.65
          ],
          [
            629153.75,
            5220816.15
          ],
          [
            629151.25,
            5220821.65
          ],
          [
            629151.25,
            5220822.15
          ],
          [
            629150.75,
            5220823.15
          ],
          [
            629150.75,
            5220823.65
          ],
          [
            629150.75,
            5220824.15
          ],
          [
            629150.25,
            5220825.65
          ],
          [
            629155.25,
            5220827.65
          ],
          [
            629156.25,
            5220827.65
          ],
          [
            629162.25,
            5220829.65
          ],
          [
            629163.25,
            5220830.15
          ],
          [
            629164.25,
            5220830.65
          ],
          [
            629165.25,
            5220831.15
          ],
          [
            629166.25,
            5220831.65
          ],
          [
            629167.25,
            5220832.15
          ],
          [
            629168.25,
            5220832.65
          ],
          [
            629172.25,
            5220834.65
          ],
          [
            629172.75,
            5220835.15
          ],
          [
            629172.75,
            5220836.65
          ],
          [
            629172.25,
            5220838.15
          ],
          [
            629171.75,
            5220839.15
          ],
          [
            629171.25,
            5220840.15
          ],
          [
            629170.75,
            5220841.15
          ],
          [
            629170.75,
            5220841.65
          ],
          [
            629169.75,
            5220844.15
          ],
          [
            629169.25,
            5220845.15
          ],
          [
            629168.75,
            5220846.15
          ],
          [
            629168.25,
            5220847.15
          ],
          [
            629166.75,
            5220850.65
          ],
          [
            629166.75,
            5220851.15
          ],
          [
            629165.75,
            5220853.65
          ],
          [
            629165.25,
            5220854.65
          ],
          [
            629164.75,
            5220855.65
          ],
          [
            629164.25,
            5220856.65
          ],
          [
            629164.25,
            5220857.15
          ],
          [
            629163.25,
            5220859.65
          ],
          [
            629162.75,
            5220860.65
          ],
          [
            629162.25,
            5220861.65
          ],
          [
            629161.75,
            5220862.65
          ],
          [
            629161.75,
            5220863.15
          ],
          [
            629161.25,
            5220864.15
          ],
          [
            629160.75,
            5220865.15
          ],
          [
            629160.25,
            5220866.15
          ],
          [
            629160.25,
            5220866.65
          ],
          [
            629159.25,
            5220869.15
          ],
          [
            629158.75,
            5220870.15
          ],
          [
            629158.25,
            5220871.15
          ],
          [
            629157.75,
            5220872.15
          ],
          [
            629156.75,
            5220874.65
          ],
          [
            629157.75,
            5220872.65
          ],
          [
            629157.75,
            5220872.15
          ],
          [
            629158.75,
            5220869.65
          ],
          [
            629160.25,
            5220866.65
          ],
          [
            629160.25,
            5220866.15
          ],
          [
            629160.75,
            5220865.15
          ],
          [
            629161.25,
            5220864.15
          ],
          [
            629161.75,
            5220863.15
          ],
          [
            629161.75,
            5220862.65
          ],
          [
            629162.75,
            5220860.15
          ],
          [
            629164.25,
            5220857.15
          ],
          [
            629165.75,
            5220853.65
          ],
          [
            629165.75,
            5220853.15
          ],
          [
            629166.75,
            5220850.65
          ],
          [
            629168.25,
            5220847.65
          ],
          [
            629168.25,
            5220847.15
          ],
          [
            629169.25,
            5220844.65
          ],
          [
            629170.75,
            5220841.65
          ],
          [
            629170.75,
            5220841.15
          ],
          [
            629171.25,
            5220840.15
          ],
          [
            629171.75,
            5220839.15
          ],
          [
            629172.25,
            5220838.15
          ],
          [
            629173.25,
            5220835.65
          ],
          [
            629173.75,
            5220835.15
          ],
          [
            629174.25,
            5220835.15
          ],
          [
            629174.75,
            5220835.15
          ],
          [
            629175.25,
            5220835.15
          ],
          [
            629175.75,
            5220835.15
          ],
          [
            629176.25,
            5220835.15
          ],
          [
            629176.75,
            5220835.15
          ],
          [
            629177.25,
            5220835.15
          ],
          [
            629178.25,
            5220835.15
          ],
          [
            629179.25,
            5220835.65
          ],
          [
            629184.25,
            5220838.15
          ],
          [
            629184.75,
            5220838.15
          ],
          [
            629186.25,
            5220837.15
          ],
          [
            629186.75,
            5220836.15
          ],
          [
            629187.25,
            5220835.15
          ],
          [
            629187.25,
            5220834.65
          ],
          [
            629187.75,
            5220833.65
          ],
          [
            629188.25,
            5220832.65
          ],
          [
            629188.25,
            5220832.15
          ],
          [
            629188.75,
            5220831.15
          ],
          [
            629189.25,
            5220830.15
          ],
          [
            629189.25,
            5220829.65
          ],
          [
            629190.25,
            5220827.15
          ],
          [
            629190.75,
            5220826.15
          ],
          [
            629191.25,
            5220825.15
          ],
          [
            629191.75,
            5220824.15
          ],
          [
            629191.75,
            5220823.65
          ],
          [
            629192.25,
            5220822.65
          ],
          [
            629192.75,
            5220821.65
          ],
          [
            629192.75,
            5220821.15
          ],
          [
            629193.25,
            5220820.15
          ],
          [
            629193.75,
            5220819.15
          ],
          [
            629193.75,
            5220818.65
          ],
          [
            629194.25,
            5220817.65
          ],
          [
            629194.75,
            5220816.65
          ],
          [
            629194.75,
            5220816.15
          ],
          [
            629195.75,
            5220813.65
          ],
          [
            629196.25,
            5220812.65
          ],
          [
            629196.75,
            5220811.65
          ],
          [
            629197.25,
            5220810.65
          ],
          [
            629197.25,
            5220810.15
          ],
          [
            629198.25,
            5220807.65
          ],
          [
            629197.25,
            5220810.65
          ],
          [
            629196.75,
            5220811.65
          ],
          [
            629196.25,
            5220812.65
          ],
          [
            629195.75,
            5220813.65
          ],
          [
            629195.75,
            5220814.15
          ],
          [
            629194.75,
            5220816.15
          ],
          [
            629194.75,
            5220816.65
          ],
          [
            629194.25,
            5220817.65
          ],
          [
            629193.75,
            5220818.65
          ],
          [
            629193.75,
            5220819.15
          ],
          [
            629193.25,
            5220820.15
          ],
          [
            629192.75,
            5220821.15
          ],
          [
            629192.75,
            5220821.65
          ],
          [
            629191.75,
            5220824.15
          ],
          [
            629191.25,
            5220825.15
          ],
          [
            629190.75,
            5220826.15
          ],
          [
            629190.25,
            5220827.15
          ],
          [
            629190.25,
            5220827.65
          ],
          [
            629189.25,
            5220829.65
          ],
          [
            629189.25,
            5220830.15
          ],
          [
            629188.75,
            5220831.15
          ],
          [
            629188.25,
            5220832.15
          ],
          [
            629188.25,
            5220832.65
          ],
          [
            629187.75,
            5220833.65
          ],
          [
            629187.25,
            5220834.65
          ],
          [
            629187.25,
            5220835.15
          ],
          [
            629186.25,
            5220837.65
          ],
          [
            629185.75,
            5220838.15
          ],
          [
            629185.75,
            5220838.65
          ],
          [
            629186.25,
            5220839.65
          ],
          [
            629194.25,
            5220847.65
          ],
          [
            629197.75,
            5220850.15
          ],
          [
            629198.75,
            5220850.65
          ],
          [
            629199.75,
            5220851.15
          ],
          [
            629200.75,
            5220851.65
          ],
          [
            629201.75,
            5220852.15
          ],
          [
            629202.75,
            5220852.65
          ],
          [
            629203.75,
            5220853.15
          ],
          [
            629204.75,
            5220853.65
          ],
          [
            629205.75,
            5220854.15
          ],
          [
            629206.75,
            5220854.65
          ],
          [
            629207.75,
            5220855.15
          ],
          [
            629208.75,
            5220855.65
          ],
          [
            629209.75,
            5220856.15
          ],
          [
            629210.25,
            5220856.65
          ],
          [
            629210.75,
            5220858.65
          ],
          [
            629210.25,
            5220859.65
          ],
          [
            629209.75,
            5220860.65
          ],
          [
            629209.25,
            5220861.65
          ],
          [
            629207.75,
            5220865.15
          ],
          [
            629207.75,
            5220865.65
          ],
          [
            629206.75,
            5220868.15
          ],
          [
            629206.25,
            5220869.15
          ],
          [
            629205.75,
            5220870.15
          ],
          [
            629205.25,
            5220871.15
          ],
          [
            629203.75,
            5220874.65
          ],
          [
            629203.75,
            5220875.15
          ],
          [
            629202.75,
            5220877.65
          ],
          [
            629202.25,
            5220878.65
          ],
          [
            629201.75,
            5220879.65
          ],
          [
            629201.25,
            5220880.65
          ],
          [
            629199.75,
            5220884.15
          ],
          [
            629199.75,
            5220884.65
          ],
          [
            629198.75,
            5220887.15
          ],
          [
            629198.25,
            5220888.15
          ],
          [
            629197.75,
            5220889.15
          ],
          [
            629197.25,
            5220890.15
          ],
          [
            629197.25,
            5220890.65
          ],
          [
            629196.25,
            5220893.15
          ],
          [
            629195.75,
            5220894.15
          ],
          [
            629195.25,
            5220895.15
          ],
          [
            629194.75,
            5220896.15
          ],
          [
            629193.25,
            5220899.65
          ],
          [
            629193.25,
            5220900.15
          ],
          [
            629190.75,
            5220906.15
          ],
          [
            629191.75,
            5220903.15
          ],
          [
            629193.25,
            5220900.15
          ],
          [
            629194.75,
            5220896.65
          ],
          [
            629194.75,
            5220896.15
          ],
          [
            629195.75,
            5220893.65
          ],
          [
            629197.25,
            5220890.65
          ],
          [
            629197.25,
            5220890.15
          ],
          [
            629198.25,
            5220887.65
          ],
          [
            629199.75,
            5220884.65
          ],
          [
            629199.75,
            5220884.15
          ],
          [
            629201.25,
            5220881.15
          ],
          [
            629201.25,
            5220880.65
          ],
          [
            629202.25,
            5220878.15
          ],
          [
            629203.75,
            5220875.15
          ],
          [
            629205.25,
            5220871.65
          ],
          [
            629205.25,
            5220871.15
          ],
          [
            629206.25,
            5220868.65
          ],
          [
            629207.75,
            5220865.65
          ],
          [
            629209.25,
            5220861.65
          ],
          [
            629211.75,
            5220857.15
          ],
          [
            629212.25,
            5220856.65
          ],
          [
            629212.75,
            5220856.65
          ],
          [
            629213.25,
            5220856.65
          ],
          [
            629213.75,
            5220856.65
          ],
          [
            629214.25,
            5220856.65
          ],
          [
            629214.75,
            5220856.65
          ],
          [
            629215.25,
            5220856.65
          ],
          [
            629215.75,
            5220856.65
          ],
          [
            629216.25,
            5220856.65
          ],
          [
            629216.75,
            5220856.65
          ],
          [
            629217.25,
            5220856.65
          ],
          [
            629217.75,
            5220856.65
          ],
          [
            629218.25,
            5220856.65
          ],
          [
            629218.75,
            5220856.65
          ],
          [
            629219.25,
            5220856.65
          ],
          [
            629219.75,
            5220856.65
          ],
          [
            629221.75,
            5220857.65
          ],
          [
            629225.25,
            5220857.65
          ],
          [
            629226.25,
            5220858.15
          ],
          [
            629227.25,
            5220858.65
          ],
          [
            629228.25,
            5220859.15
          ],
          [
            629229.25,
            5220859.65
          ],
          [
            629230.25,
            5220860.15
          ],
          [
            629230.75,
            5220860.65
          ],
          [
            629230.75,
            5220862.65
          ],
          [
            629227.75,
            5220869.15
          ],
          [
            629226.75,
            5220872.15
          ],
          [
            629225.25,
            5220875.15
          ],
          [
            629224.25,
            5220878.15
          ],
          [
            629221.25,
            5220884.65
          ],
          [
            629220.25,
            5220887.65
          ],
          [
            629217.25,
            5220894.15
          ],
          [
            629216.25,
            5220897.15
          ],
          [
            629213.25,
            5220903.65
          ],
          [
            629212.25,
            5220906.65
          ],
          [
            629210.75,
            5220909.65
          ],
          [
            629209.75,
            5220912.65
          ],
          [
            629208.25,
            5220915.65
          ],
          [
            629208.25,
            5220916.15
          ],
          [
            629206.75,
            5220919.15
          ],
          [
            629206.75,
            5220919.65
          ],
          [
            629206.25,
            5220920.65
          ],
          [
            629205.75,
            5220921.65
          ],
          [
            629205.25,
            5220923.15
          ],
          [
            629206.25,
            5220920.65
          ],
          [
            629206.25,
            5220921.65
          ],
          [
            629208.25,
            5220922.15
          ],
          [
            629208.25,
            5220923.65
          ],
          [
            629210.25,
            5220924.15
          ],
          [
            629225.25,
            5220889.15
          ],
          [
            629226.25,
            5220886.15
          ],
          [
            629231.75,
            5220873.65
          ],
          [
            629232.75,
            5220870.65
          ],
          [
            629236.25,
            5220863.15
          ],
          [
            629236.75,
            5220862.65
          ],
          [
            629237.25,
            5220862.65
          ],
          [
            629238.25,
            5220863.15
          ],
          [
            629239.25,
            5220863.65
          ],
          [
            629240.25,
            5220864.15
          ],
          [
            629241.25,
            5220864.65
          ],
          [
            629242.25,
            5220865.15
          ],
          [
            629243.25,
            5220865.65
          ],
          [
            629244.25,
            5220866.15
          ],
          [
            629247.25,
            5220867.65
          ],
          [
            629247.75,
            5220868.65
          ],
          [
            629245.25,
            5220873.15
          ],
          [
            629245.25,
            5220874.15
          ],
          [
            629243.25,
            5220879.15
          ],
          [
            629236.25,
            5220895.15
          ],
          [
            629236.25,
            5220896.15
          ],
          [
            629238.25,
            5220896.65
          ],
          [
            629238.25,
            5220897.65
          ],
          [
            629236.75,
            5220900.65
          ],
          [
            629235.75,
            5220903.65
          ],
          [
            629234.25,
            5220906.65
          ],
          [
            629233.25,
            5220909.65
          ],
          [
            629231.75,
            5220912.65
          ],
          [
            629231.75,
            5220913.15
          ],
          [
            629230.25,
            5220916.15
          ],
          [
            629229.25,
            5220919.15
          ],
          [
            629227.75,
            5220922.15
          ],
          [
            629227.75,
            5220922.65
          ],
          [
            629226.25,
            5220925.65
          ],
          [
            629226.25,
            5220926.15
          ],
          [
            629225.75,
            5220927.15
          ],
          [
            629225.25,
            5220928.15
          ],
          [
            629224.25,
            5220930.65
          ],
          [
            629224.75,
            5220929.65
          ],
          [
            629225.25,
            5220928.65
          ],
          [
            629225.75,
            5220927.15
          ],
          [
            629225.25,
            5220928.15
          ],
          [
            629225.25,
            5220928.65
          ],
          [
            629224.75,
            5220929.65
          ],
          [
            629224.25,
            5220930.65
          ],
          [
            629224.75,
            5220929.65
          ],
          [
            629225.25,
            5220928.65
          ],
          [
            629225.25,
            5220928.15
          ],
          [
            629224.75,
            5220928.65
          ],
          [
            629222.75,
            5220928.15
          ],
          [
            629222.25,
            5220928.65
          ],
          [
            629221.75,
            5220929.65
          ],
          [
            629221.25,
            5220931.15
          ],
          [
            629222.25,
            5220928.65
          ],
          [
            629220.25,
            5220928.15
          ],
          [
            629220.25,
            5220927.15
          ],
          [
            629219.75,
            5220928.15
          ],
          [
            629219.25,
            5220929.15
          ],
          [
            629218.75,
            5220930.65
          ],
          [
            629219.25,
            5220929.65
          ],
          [
            629219.25,
            5220929.15
          ],
          [
            629219.75,
            5220928.15
          ],
          [
            629220.25,
            5220927.15
          ],
          [
            629220.75,
            5220926.15
          ],
          [
            629221.75,
            5220923.15
          ],
          [
            629224.75,
            5220916.65
          ],
          [
            629225.75,
            5220913.65
          ],
          [
            629228.75,
            5220907.15
          ],
          [
            629229.75,
            5220904.15
          ],
          [
            629231.25,
            5220901.15
          ],
          [
            629232.25,
            5220898.15
          ],
          [
            629235.25,
            5220891.65
          ],
          [
            629236.25,
            5220888.65
          ],
          [
            629239.25,
            5220882.15
          ],
          [
            629240.25,
            5220879.15
          ],
          [
            629243.25,
            5220872.65
          ],
          [
            629244.75,
            5220868.65
          ],
          [
            629244.75,
            5220867.15
          ],
          [
            629244.25,
            5220866.15
          ],
          [
            629243.75,
            5220866.15
          ],
          [
            629242.75,
            5220865.65
          ],
          [
            629241.75,
            5220865.15
          ],
          [
            629240.75,
            5220864.65
          ],
          [
            629239.75,
            5220864.15
          ],
          [
            629238.75,
            5220863.65
          ],
          [
            629237.75,
            5220863.15
          ],
          [
            629236.75,
            5220862.65
          ],
          [
            629235.75,
            5220862.15
          ],
          [
            629235.25,
            5220862.15
          ],
          [
            629231.25,
            5220860.15
          ],
          [
            629230.25,
            5220860.15
          ],
          [
            629229.25,
            5220859.65
          ],
          [
            629227.75,
            5220859.65
          ],
          [
            629226.75,
            5220859.15
          ],
          [
            629225.25,
            5220859.15
          ],
          [
            629224.25,
            5220858.65
          ],
          [
            629223.25,
            5220858.65
          ],
          [
            629222.25,
            5220858.15
          ],
          [
            629221.25,
            5220857.65
          ],
          [
            629220.25,
            5220857.15
          ],
          [
            629219.25,
            5220856.65
          ],
          [
            629218.25,
            5220856.15
          ],
          [
            629218.75,
            5220855.15
          ],
          [
            629218.75,
            5220853.65
          ],
          [
            629219.25,
            5220852.65
          ],
          [
            629219.75,
            5220851.65
          ],
          [
            629220.25,
            5220850.65
          ],
          [
            629220.25,
            5220850.15
          ],
          [
            629220.75,
            5220849.15
          ],
          [
            629221.25,
            5220848.15
          ],
          [
            629221.25,
            5220847.65
          ],
          [
            629221.75,
            5220846.65
          ],
          [
            629222.25,
            5220845.65
          ],
          [
            629222.25,
            5220845.15
          ],
          [
            629222.75,
            5220844.15
          ],
          [
            629223.25,
            5220843.15
          ],
          [
            629223.75,
            5220841.65
          ],
          [
            629222.25,
            5220845.15
          ],
          [
            629222.25,
            5220845.65
          ],
          [
            629221.75,
            5220846.65
          ],
          [
            629221.25,
            5220847.65
          ],
          [
            629221.25,
            5220848.15
          ],
          [
            629220.75,
            5220849.15
          ],
          [
            629220.25,
            5220850.15
          ],
          [
            629220.25,
            5220850.65
          ],
          [
            629219.75,
            5220851.65
          ],
          [
            629219.25,
            5220852.65
          ],
          [
            629218.75,
            5220853.65
          ],
          [
            629218.25,
            5220854.65
          ],
          [
            629217.25,
            5220855.65
          ],
          [
            629208.75,
            5220855.65
          ],
          [
            629207.75,
            5220855.15
          ],
          [
            629206.75,
            5220854.65
          ],
          [
            629205.75,
            5220854.15
          ],
          [
            629204.75,
            5220853.65
          ],
          [
            629203.75,
            5220853.15
          ],
          [
            629191.75,
            5220844.15
          ],
          [
            629190.25,
            5220842.65
          ],
          [
            629190.25,
            5220841.65
          ],
          [
            629190.75,
            5220841.15
          ],
          [
            629190.75,
            5220839.15
          ],
          [
            629192.25,
            5220836.15
          ],
          [
            629196.25,
            5220825.65
          ],
          [
            629197.75,
            5220822.65
          ],
          [
            629206.25,
            5220801.15
          ],
          [
            629212.25,
            5220787.15
          ],
          [
            629216.25,
            5220776.65
          ],
          [
            629222.25,
            5220762.65
          ],
          [
            629231.75,
            5220738.65
          ],
          [
            629234.75,
            5220732.15
          ],
          [
            629236.25,
            5220731.65
          ],
          [
            629236.75,
            5220732.15
          ],
          [
            629236.75,
            5220733.65
          ],
          [
            629235.25,
            5220737.15
          ],
          [
            629235.25,
            5220737.65
          ],
          [
            629234.75,
            5220738.65
          ],
          [
            629234.25,
            5220739.65
          ],
          [
            629233.75,
            5220740.65
          ],
          [
            629233.75,
            5220741.15
          ],
          [
            629233.25,
            5220742.15
          ],
          [
            629232.75,
            5220743.15
          ],
          [
            629232.75,
            5220743.65
          ],
          [
            629232.25,
            5220744.65
          ],
          [
            629231.75,
            5220745.65
          ],
          [
            629231.25,
            5220747.15
          ],
          [
            629232.75,
            5220743.65
          ],
          [
            629232.75,
            5220743.15
          ],
          [
            629233.25,
            5220742.15
          ],
          [
            629233.75,
            5220741.15
          ],
          [
            629233.25,
            5220742.15
          ],
          [
            629233.75,
            5220740.65
          ],
          [
            629234.25,
            5220739.65
          ],
          [
            629234.75,
            5220738.65
          ],
          [
            629235.25,
            5220737.65
          ],
          [
            629235.25,
            5220737.15
          ],
          [
            629236.75,
            5220734.15
          ],
          [
            629238.25,
            5220732.15
          ],
          [
            629250.25,
            5220738.15
          ],
          [
            629252.25,
            5220739.65
          ],
          [
            629252.75,
            5220740.65
          ],
          [
            629252.25,
            5220741.65
          ],
          [
            629252.25,
            5220742.15
          ],
          [
            629252.25,
            5220742.65
          ],
          [
            629252.25,
            5220743.15
          ],
          [
            629251.75,
            5220744.15
          ],
          [
            629251.25,
            5220745.15
          ],
          [
            629250.75,
            5220746.15
          ],
          [
            629250.75,
            5220746.65
          ],
          [
            629250.25,
            5220747.65
          ],
          [
            629249.75,
            5220748.65
          ],
          [
            629249.75,
            5220749.15
          ],
          [
            629249.25,
            5220750.15
          ],
          [
            629248.75,
            5220751.15
          ],
          [
            629248.75,
            5220751.65
          ],
          [
            629247.75,
            5220754.15
          ],
          [
            629247.25,
            5220755.15
          ],
          [
            629246.75,
            5220756.15
          ],
          [
            629246.25,
            5220757.15
          ],
          [
            629246.25,
            5220757.65
          ],
          [
            629245.75,
            5220758.65
          ],
          [
            629245.25,
            5220759.65
          ],
          [
            629245.25,
            5220760.15
          ],
          [
            629244.75,
            5220761.15
          ],
          [
            629244.25,
            5220762.15
          ],
          [
            629244.25,
            5220762.65
          ],
          [
            629243.75,
            5220763.65
          ],
          [
            629243.25,
            5220764.65
          ],
          [
            629243.25,
            5220765.15
          ],
          [
            629242.25,
            5220767.65
          ],
          [
            629241.75,
            5220768.65
          ],
          [
            629241.25,
            5220769.65
          ],
          [
            629240.75,
            5220770.65
          ],
          [
            629240.75,
            5220771.15
          ],
          [
            629240.25,
            5220772.15
          ],
          [
            629239.75,
            5220773.15
          ],
          [
            629239.75,
            5220773.65
          ],
          [
            629239.25,
            5220774.65
          ],
          [
            629238.75,
            5220775.65
          ],
          [
            629238.75,
            5220776.15
          ],
          [
            629237.75,
            5220778.65
          ],
          [
            629237.25,
            5220779.65
          ],
          [
            629236.75,
            5220780.65
          ],
          [
            629236.25,
            5220781.65
          ],
          [
            629236.25,
            5220782.15
          ],
          [
            629235.75,
            5220783.15
          ],
          [
            629235.25,
            5220784.15
          ],
          [
            629235.25,
            5220784.65
          ],
          [
            629234.75,
            5220785.65
          ],
          [
            629234.25,
            5220786.65
          ],
          [
            629234.25,
            5220787.15
          ],
          [
            629233.75,
            5220788.15
          ],
          [
            629233.25,
            5220789.15
          ],
          [
            629233.25,
            5220789.65
          ],
          [
            629232.75,
            5220790.65
          ],
          [
            629232.25,
            5220791.65
          ],
          [
            629232.25,
            5220792.15
          ],
          [
            629231.75,
            5220793.15
          ],
          [
            629231.25,
            5220794.15
          ],
          [
            629230.75,
            5220795.15
          ],
          [
            629230.25,
            5220796.65
          ],
          [
            629232.25,
            5220792.15
          ],
          [
            629232.25,
            5220791.65
          ],
          [
            629232.75,
            5220790.65
          ],
          [
            629233.25,
            5220789.65
          ],
          [
            629233.25,
            5220789.15
          ],
          [
            629233.75,
            5220788.15
          ],
          [
            629234.25,
            5220787.15
          ],
          [
            629234.25,
            5220786.65
          ],
          [
            629234.75,
            5220785.65
          ],
          [
            629235.25,
            5220784.65
          ],
          [
            629235.25,
            5220784.15
          ],
          [
            629236.25,
            5220781.65
          ],
          [
            629236.75,
            5220780.65
          ],
          [
            629237.25,
            5220779.65
          ],
          [
            629237.75,
            5220778.65
          ],
          [
            629237.75,
            5220778.15
          ],
          [
            629238.75,
            5220776.15
          ],
          [
            629238.75,
            5220775.65
          ],
          [
            629239.25,
            5220774.65
          ],
          [
            629239.75,
            5220773.65
          ],
          [
            629239.75,
            5220773.15
          ],
          [
            629240.25,
            5220772.15
          ],
          [
            629240.75,
            5220771.15
          ],
          [
            629240.75,
            5220770.65
          ],
          [
            629241.75,
            5220768.15
          ],
          [
            629243.25,
            5220765.15
          ],
          [
            629243.25,
            5220764.65
          ],
          [
            629243.75,
            5220763.65
          ],
          [
            629244.25,
            5220762.65
          ],
          [
            629244.25,
            5220762.15
          ],
          [
            629244.75,
            5220761.15
          ],
          [
            629245.25,
            5220760.15
          ],
          [
            629245.25,
            5220759.65
          ],
          [
            629246.25,
            5220757.15
          ],
          [
            629246.75,
            5220756.15
          ],
          [
            629247.25,
            5220755.15
          ],
          [
            629247.75,
            5220754.15
          ],
          [
            629247.75,
            5220753.65
          ],
          [
            629248.75,
            5220751.65
          ],
          [
            629248.75,
            5220751.15
          ],
          [
            629249.25,
            5220750.15
          ],
          [
            629249.75,
            5220749.15
          ],
          [
            629249.75,
            5220748.65
          ],
          [
            629250.75,
            5220746.15
          ],
          [
            629251.25,
            5220745.15
          ],
          [
            629251.75,
            5220744.15
          ],
          [
            629252.25,
            5220742.65
          ],
          [
            629252.25,
            5220742.15
          ],
          [
            629252.25,
            5220741.65
          ],
          [
            629252.25,
            5220740.15
          ],
          [
            629251.75,
            5220739.65
          ],
          [
            629250.75,
            5220740.15
          ],
          [
            629249.75,
            5220742.65
          ],
          [
            629249.25,
            5220743.65
          ],
          [
            629248.75,
            5220744.65
          ],
          [
            629248.25,
            5220745.65
          ],
          [
            629248.25,
            5220746.15
          ],
          [
            629249.75,
            5220742.65
          ],
          [
            629250.25,
            5220740.15
          ],
          [
            629250.75,
            5220739.65
          ],
          [
            629250.75,
            5220738.65
          ],
          [
            629250.25,
            5220738.15
          ],
          [
            629249.75,
            5220737.65
          ],
          [
            629228.75,
            5220727.15
          ],
          [
            629227.25,
            5220729.65
          ],
          [
            629224.25,
            5220737.65
          ],
          [
            629222.75,
            5220740.65
          ],
          [
            629222.75,
            5220741.15
          ],
          [
            629218.25,
            5220751.65
          ],
          [
            629218.25,
            5220752.15
          ],
          [
            629217.25,
            5220754.15
          ],
          [
            629217.25,
            5220754.65
          ],
          [
            629216.25,
            5220756.65
          ],
          [
            629216.25,
            5220757.15
          ],
          [
            629215.75,
            5220758.15
          ],
          [
            629215.25,
            5220759.15
          ],
          [
            629214.75,
            5220760.65
          ],
          [
            629215.75,
            5220758.15
          ],
          [
            629215.25,
            5220759.15
          ],
          [
            629214.75,
            5220760.15
          ],
          [
            629212.75,
            5220759.65
          ],
          [
            629212.75,
            5220758.65
          ],
          [
            629213.25,
            5220757.15
          ],
          [
            629213.75,
            5220756.15
          ],
          [
            629214.25,
            5220755.15
          ],
          [
            629214.25,
            5220754.65
          ],
          [
            629214.75,
            5220753.65
          ],
          [
            629215.25,
            5220752.65
          ],
          [
            629215.25,
            5220752.15
          ],
          [
            629215.75,
            5220751.15
          ],
          [
            629216.25,
            5220750.15
          ],
          [
            629216.25,
            5220749.65
          ],
          [
            629216.25,
            5220750.15
          ],
          [
            629215.75,
            5220751.15
          ],
          [
            629215.25,
            5220752.15
          ],
          [
            629215.25,
            5220752.65
          ],
          [
            629214.75,
            5220753.65
          ],
          [
            629214.25,
            5220754.65
          ],
          [
            629214.25,
            5220755.15
          ],
          [
            629213.75,
            5220756.15
          ],
          [
            629213.25,
            5220757.15
          ],
          [
            629213.25,
            5220757.65
          ],
          [
            629212.75,
            5220758.65
          ],
          [
            629212.25,
            5220759.65
          ],
          [
            629212.25,
            5220760.15
          ],
          [
            629210.75,
            5220763.15
          ],
          [
            629206.75,
            5220773.65
          ],
          [
            629205.25,
            5220776.65
          ],
          [
            629196.75,
            5220798.15
          ],
          [
            629190.75,
            5220812.15
          ],
          [
            629186.75,
            5220822.65
          ],
          [
            629185.25,
            5220825.65
          ],
          [
            629183.25,
            5220831.15
          ],
          [
            629181.25,
            5220835.15
          ],
          [
            629180.75,
            5220835.65
          ],
          [
            629180.25,
            5220835.65
          ],
          [
            629179.75,
            5220835.65
          ],
          [
            629179.25,
            5220835.65
          ],
          [
            629178.25,
            5220835.65
          ],
          [
            629177.25,
            5220835.15
          ],
          [
            629174.25,
            5220833.65
          ],
          [
            629174.75,
            5220832.65
          ],
          [
            629174.75,
            5220831.65
          ],
          [
            629177.75,
            5220824.15
          ],
          [
            629179.25,
            5220821.15
          ],
          [
            629182.25,
            5220813.15
          ],
          [
            629183.75,
            5220810.15
          ],
          [
            629187.75,
            5220800.15
          ],
          [
            629188.25,
            5220798.65
          ],
          [
            629186.25,
            5220797.65
          ],
          [
            629186.25,
            5220797.15
          ],
          [
            629186.75,
            5220795.65
          ],
          [
            629187.25,
            5220794.65
          ],
          [
            629187.75,
            5220793.65
          ],
          [
            629187.75,
            5220793.15
          ],
          [
            629188.25,
            5220792.15
          ],
          [
            629188.75,
            5220791.15
          ],
          [
            629188.75,
            5220790.65
          ],
          [
            629189.25,
            5220789.65
          ],
          [
            629189.75,
            5220788.65
          ],
          [
            629189.75,
            5220788.15
          ],
          [
            629190.25,
            5220787.15
          ],
          [
            629190.75,
            5220786.15
          ],
          [
            629191.25,
            5220785.15
          ],
          [
            629191.25,
            5220784.65
          ],
          [
            629191.75,
            5220783.65
          ],
          [
            629192.25,
            5220782.65
          ],
          [
            629192.25,
            5220782.15
          ],
          [
            629192.75,
            5220781.15
          ],
          [
            629193.25,
            5220780.15
          ],
          [
            629193.25,
            5220779.65
          ],
          [
            629193.75,
            5220778.65
          ],
          [
            629194.25,
            5220777.65
          ],
          [
            629194.25,
            5220777.15
          ],
          [
            629195.25,
            5220774.65
          ],
          [
            629195.75,
            5220773.65
          ],
          [
            629196.25,
            5220772.65
          ],
          [
            629195.75,
            5220773.65
          ],
          [
            629195.25,
            5220774.65
          ],
          [
            629195.25,
            5220775.15
          ],
          [
            629194.25,
            5220777.15
          ],
          [
            629194.25,
            5220777.65
          ],
          [
            629193.75,
            5220778.65
          ],
          [
            629193.25,
            5220779.65
          ],
          [
            629193.25,
            5220780.15
          ],
          [
            629192.75,
            5220781.15
          ],
          [
            629192.25,
            5220782.15
          ],
          [
            629192.25,
            5220782.65
          ],
          [
            629191.25,
            5220785.15
          ],
          [
            629190.75,
            5220786.15
          ],
          [
            629190.25,
            5220787.15
          ],
          [
            629189.75,
            5220788.15
          ],
          [
            629189.75,
            5220788.65
          ],
          [
            629189.25,
            5220789.65
          ],
          [
            629188.75,
            5220790.65
          ],
          [
            629188.75,
            5220791.15
          ],
          [
            629188.25,
            5220792.15
          ],
          [
            629187.75,
            5220793.15
          ],
          [
            629187.75,
            5220793.65
          ],
          [
            629187.25,
            5220794.65
          ],
          [
            629186.75,
            5220795.65
          ],
          [
            629186.75,
            5220796.15
          ],
          [
            629186.25,
            5220797.15
          ],
          [
            629185.75,
            5220798.15
          ],
          [
            629185.75,
            5220798.65
          ],
          [
            629184.25,
            5220801.65
          ],
          [
            629181.25,
            5220809.65
          ],
          [
            629179.75,
            5220812.65
          ],
          [
            629175.75,
            5220823.15
          ],
          [
            629174.25,
            5220826.15
          ],
          [
            629173.25,
            5220829.15
          ],
          [
            629171.25,
            5220832.65
          ],
          [
            629170.75,
            5220832.65
          ],
          [
            629170.25,
            5220832.65
          ],
          [
            629169.75,
            5220832.65
          ],
          [
            629169.25,
            5220832.65
          ],
          [
            629168.75,
            5220832.65
          ],
          [
            629168.25,
            5220832.65
          ],
          [
            629166.75,
            5220832.65
          ],
          [
            629165.25,
            5220834.65
          ],
          [
            629164.75,
            5220836.15
          ],
          [
            629164.25,
            5220837.15
          ],
          [
            629163.75,
            5220838.15
          ],
          [
            629163.25,
            5220839.15
          ],
          [
            629163.25,
            5220839.65
          ],
          [
            629162.25,
            5220842.15
          ],
          [
            629161.75,
            5220843.15
          ],
          [
            629161.25,
            5220844.15
          ],
          [
            629160.75,
            5220845.15
          ],
          [
            629160.75,
            5220845.65
          ],
          [
            629160.25,
            5220846.65
          ],
          [
            629159.75,
            5220847.65
          ],
          [
            629159.25,
            5220848.65
          ],
          [
            629159.25,
            5220849.15
          ],
          [
            629158.75,
            5220850.15
          ],
          [
            629158.25,
            5220851.15
          ],
          [
            629158.25,
            5220851.65
          ],
          [
            629157.75,
            5220852.65
          ],
          [
            629157.25,
            5220853.65
          ],
          [
            629156.75,
            5220854.65
          ],
          [
            629156.25,
            5220856.15
          ],
          [
            629158.25,
            5220851.65
          ],
          [
            629158.25,
            5220851.15
          ],
          [
            629159.25,
            5220848.65
          ],
          [
            629159.75,
            5220847.65
          ],
          [
            629160.25,
            5220846.65
          ],
          [
            629160.75,
            5220845.65
          ],
          [
            629160.75,
            5220845.15
          ],
          [
            629161.75,
            5220842.65
          ],
          [
            629163.25,
            5220839.65
          ],
          [
            629164.75,
            5220836.15
          ],
          [
            629164.75,
            5220835.65
          ],
          [
            629165.75,
            5220833.15
          ],
          [
            629164.75,
            5220832.65
          ],
          [
            629163.25,
            5220833.15
          ],
          [
            629162.75,
            5220834.15
          ],
          [
            629162.25,
            5220835.15
          ],
          [
            629161.75,
            5220836.15
          ],
          [
            629161.75,
            5220836.65
          ],
          [
            629161.25,
            5220837.65
          ],
          [
            629160.75,
            5220838.65
          ],
          [
            629160.25,
            5220839.65
          ],
          [
            629158.75,
            5220843.15
          ],
          [
            629158.75,
            5220843.65
          ],
          [
            629157.75,
            5220846.15
          ],
          [
            629157.25,
            5220847.15
          ],
          [
            629156.75,
            5220848.15
          ],
          [
            629156.25,
            5220849.15
          ],
          [
            629154.75,
            5220852.65
          ],
          [
            629154.75,
            5220853.15
          ],
          [
            629153.75,
            5220855.65
          ],
          [
            629153.25,
            5220856.65
          ],
          [
            629152.75,
            5220857.65
          ],
          [
            629152.25,
            5220858.65
          ],
          [
            629150.75,
            5220862.15
          ],
          [
            629150.75,
            5220862.65
          ],
          [
            629149.75,
            5220865.15
          ],
          [
            629149.25,
            5220866.15
          ],
          [
            629148.75,
            5220867.15
          ],
          [
            629148.25,
            5220868.15
          ],
          [
            629146.75,
            5220871.65
          ],
          [
            629148.25,
            5220868.65
          ],
          [
            629148.25,
            5220868.15
          ],
          [
            629149.25,
            5220865.65
          ],
          [
            629150.75,
            5220862.65
          ],
          [
            629150.75,
            5220862.15
          ],
          [
            629152.25,
            5220859.15
          ],
          [
            629152.25,
            5220858.65
          ],
          [
            629153.25,
            5220856.15
          ],
          [
            629154.75,
            5220853.15
          ],
          [
            629154.75,
            5220852.65
          ],
          [
            629156.25,
            5220849.65
          ],
          [
            629156.25,
            5220849.15
          ],
          [
            629157.25,
            5220846.65
          ],
          [
            629158.75,
            5220843.65
          ],
          [
            629158.75,
            5220843.15
          ],
          [
            629160.25,
            5220840.15
          ],
          [
            629160.25,
            5220839.65
          ],
          [
            629161.25,
            5220837.15
          ],
          [
            629161.75,
            5220836.15
          ],
          [
            629162.25,
            5220835.15
          ],
          [
            629162.75,
            5220834.15
          ],
          [
            629162.75,
            5220832.65
          ],
          [
            629163.25,
            5220831.65
          ],
          [
            629156.25,
            5220828.15
          ],
          [
            629152.25,
            5220828.15
          ],
          [
            629149.75,
            5220832.65
          ],
          [
            629149.75,
            5220833.15
          ],
          [
            629149.25,
            5220834.15
          ],
          [
            629148.75,
            5220835.15
          ],
          [
            629148.25,
            5220836.15
          ],
          [
            629148.25,
            5220836.65
          ],
          [
            629147.75,
            5220837.65
          ],
          [
            629147.25,
            5220838.65
          ],
          [
            629147.25,
            5220839.15
          ],
          [
            629146.75,
            5220840.15
          ],
          [
            629146.25,
            5220841.15
          ],
          [
            629146.25,
            5220841.65
          ],
          [
            629146.25,
            5220842.15
          ],
          [
            629145.25,
            5220842.65
          ],
          [
            629145.25,
            5220843.15
          ],
          [
            629144.75,
            5220844.15
          ],
          [
            629144.75,
            5220844.65
          ],
          [
            629144.25,
            5220846.15
          ],
          [
            629143.25,
            5220848.65
          ],
          [
            629142.75,
            5220849.65
          ],
          [
            629142.25,
            5220850.65
          ],
          [
            629141.75,
            5220851.65
          ],
          [
            629141.75,
            5220852.15
          ],
          [
            629141.25,
            5220853.15
          ],
          [
            629140.75,
            5220854.15
          ],
          [
            629140.25,
            5220855.15
          ],
          [
            629140.25,
            5220855.65
          ],
          [
            629140.25,
            5220855.15
          ],
          [
            629140.75,
            5220854.15
          ],
          [
            629141.25,
            5220853.15
          ],
          [
            629141.75,
            5220852.15
          ],
          [
            629141.75,
            5220851.65
          ],
          [
            629144.25,
            5220846.15
          ],
          [
            629144.25,
            5220845.65
          ],
          [
            629144.75,
            5220844.65
          ],
          [
            629145.25,
            5220843.15
          ],
          [
            629145.25,
            5220842.65
          ],
          [
            629145.25,
            5220842.15
          ],
          [
            629146.25,
            5220841.65
          ],
          [
            629146.25,
            5220841.15
          ],
          [
            629146.75,
            5220839.65
          ],
          [
            629147.25,
            5220838.65
          ],
          [
            629147.75,
            5220837.65
          ],
          [
            629148.25,
            5220836.65
          ],
          [
            629148.25,
            5220836.15
          ],
          [
            629149.25,
            5220833.65
          ],
          [
            629149.75,
            5220832.65
          ],
          [
            629151.25,
            5220829.65
          ],
          [
            629151.25,
            5220829.15
          ],
          [
            629150.75,
            5220828.15
          ],
          [
            629149.75,
            5220827.65
          ],
          [
            629148.75,
            5220828.65
          ],
          [
            629148.25,
            5220829.65
          ],
          [
            629147.75,
            5220830.65
          ],
          [
            629147.75,
            5220831.15
          ],
          [
            629146.75,
            5220833.65
          ],
          [
            629146.75,
            5220833.15
          ],
          [
            629147.75,
            5220831.15
          ],
          [
            629148.75,
            5220828.65
          ],
          [
            629148.75,
            5220827.15
          ],
          [
            629148.25,
            5220826.65
          ],
          [
            629145.75,
            5220825.65
          ],
          [
            629145.25,
            5220825.65
          ],
          [
            629144.25,
            5220827.15
          ],
          [
            629143.75,
            5220827.15
          ],
          [
            629142.75,
            5220829.65
          ],
          [
            629142.25,
            5220830.65
          ],
          [
            629141.75,
            5220831.65
          ],
          [
            629141.25,
            5220832.65
          ],
          [
            629141.25,
            5220833.15
          ],
          [
            629140.25,
            5220835.65
          ],
          [
            629139.75,
            5220836.65
          ],
          [
            629139.25,
            5220837.65
          ],
          [
            629138.75,
            5220838.65
          ],
          [
            629138.75,
            5220839.15
          ],
          [
            629138.25,
            5220840.15
          ],
          [
            629137.75,
            5220841.15
          ],
          [
            629137.25,
            5220842.15
          ],
          [
            629137.25,
            5220842.65
          ],
          [
            629136.75,
            5220843.65
          ],
          [
            629136.25,
            5220844.65
          ],
          [
            629135.75,
            5220846.15
          ],
          [
            629137.25,
            5220842.65
          ],
          [
            629137.25,
            5220842.15
          ],
          [
            629137.75,
            5220841.15
          ],
          [
            629138.25,
            5220840.15
          ],
          [
            629138.75,
            5220839.15
          ],
          [
            629138.75,
            5220838.65
          ],
          [
            629139.75,
            5220836.15
          ],
          [
            629141.25,
            5220833.15
          ],
          [
            629142.75,
            5220829.65
          ],
          [
            629143.75,
            5220826.65
          ],
          [
            629142.75,
            5220824.65
          ],
          [
            629139.75,
            5220823.65
          ],
          [
            629138.75,
            5220823.15
          ],
          [
            629137.75,
            5220822.65
          ],
          [
            629136.75,
            5220822.15
          ],
          [
            629128.75,
            5220818.15
          ],
          [
            629126.75,
            5220816.65
          ],
          [
            629126.75,
            5220814.65
          ],
          [
            629127.25,
            5220813.65
          ],
          [
            629127.75,
            5220812.65
          ],
          [
            629127.75,
            5220812.15
          ],
          [
            629128.25,
            5220811.15
          ],
          [
            629128.75,
            5220810.15
          ],
          [
            629128.75,
            5220809.65
          ],
          [
            629129.25,
            5220808.65
          ],
          [
            629129.75,
            5220807.65
          ],
          [
            629129.75,
            5220807.15
          ],
          [
            629130.25,
            5220806.15
          ],
          [
            629130.75,
            5220805.15
          ],
          [
            629130.75,
            5220804.65
          ],
          [
            629131.75,
            5220802.15
          ],
          [
            629132.25,
            5220801.15
          ],
          [
            629132.75,
            5220800.15
          ],
          [
            629133.25,
            5220799.15
          ],
          [
            629133.25,
            5220798.65
          ],
          [
            629133.75,
            5220797.65
          ],
          [
            629134.25,
            5220796.65
          ],
          [
            629134.25,
            5220796.15
          ],
          [
            629134.75,
            5220795.15
          ],
          [
            629135.25,
            5220794.15
          ],
          [
            629135.25,
            5220793.65
          ],
          [
            629136.25,
            5220791.15
          ],
          [
            629136.75,
            5220790.15
          ],
          [
            629137.25,
            5220789.15
          ],
          [
            629137.75,
            5220788.15
          ],
          [
            629137.75,
            5220787.65
          ],
          [
            629138.25,
            5220786.65
          ],
          [
            629138.75,
            5220785.65
          ],
          [
            629138.75,
            5220785.15
          ],
          [
            629139.25,
            5220784.15
          ],
          [
            629139.75,
            5220783.15
          ],
          [
            629140.25,
            5220781.65
          ],
          [
            629138.75,
            5220785.15
          ],
          [
            629138.75,
            5220785.65
          ],
          [
            629138.25,
            5220786.65
          ],
          [
            629137.75,
            5220787.65
          ],
          [
            629137.75,
            5220788.15
          ],
          [
            629137.25,
            5220789.15
          ],
          [
            629136.75,
            5220790.15
          ],
          [
            629136.25,
            5220791.15
          ],
          [
            629136.25,
            5220791.65
          ],
          [
            629135.25,
            5220793.65
          ],
          [
            629135.25,
            5220794.15
          ],
          [
            629134.75,
            5220795.15
          ],
          [
            629134.25,
            5220796.15
          ],
          [
            629134.25,
            5220796.65
          ],
          [
            629133.75,
            5220797.65
          ],
          [
            629133.25,
            5220798.65
          ],
          [
            629133.25,
            5220799.15
          ],
          [
            629132.25,
            5220801.65
          ],
          [
            629130.75,
            5220804.65
          ],
          [
            629130.75,
            5220805.15
          ],
          [
            629130.25,
            5220806.15
          ],
          [
            629129.75,
            5220807.15
          ],
          [
            629129.75,
            5220807.65
          ],
          [
            629129.25,
            5220808.65
          ],
          [
            629128.75,
            5220809.65
          ],
          [
            629128.75,
            5220810.15
          ],
          [
            629128.25,
            5220811.15
          ],
          [
            629127.75,
            5220812.15
          ],
          [
            629126.75,
            5220814.65
          ],
          [
            629125.75,
            5220815.65
          ],
          [
            629125.25,
            5220815.65
          ],
          [
            629123.25,
            5220814.65
          ],
          [
            629122.25,
            5220813.65
          ],
          [
            629122.75,
            5220812.65
          ],
          [
            629122.75,
            5220811.15
          ],
          [
            629123.25,
            5220809.65
          ],
          [
            629126.75,
            5220801.65
          ],
          [
            629130.75,
            5220791.15
          ],
          [
            629133.61,
            5220785.174
          ]
        ]
      },
      "properties": {
        "length_m": 7426.341
      }
    }
  ]
}
